item_code,item_name_clean,item_desc_original,uom,unit_size_ml,pack_qty,pack_type,units_per_box,item_group_clean,item_group_original,alt_item_groups,duplicate_rows_in_source,division
MVMPCBULK0000228,VOOKI SHINE LOCK BRASS & COPPER CLEANER,VOOKI SHINE LOCK BRASS & COPPER CLEANER,L,,1,BULK,,Brass Cleaner,BRASS CLEANER - NPD,,1,NPD
MVMPCHDBR0200208,VOOKI SHINE LOCK BRASS & COPPER CLEANER 200 LITERS,VOOKI SHINE LOCK BRASS & COPPER CLEANER 200 LITERS,EA,200000.0,1,SINGLE_UNIT,,Brass Cleaner,BRASS CLEANER - NPD,,1,NPD
MVMPCCP25D250001,VOOKI SHINE LOCK BRASS & COPPER CLEANER 25 X 250ML,VOOKI SHINE LOCK BRASS & COPPER CLEANER 25 X 250ML,BOX,250.0,25,CASE,25.0,Brass Cleaner,BRASS CLEANER - NPD,,1,NPD
MVCOSDW2X4000001,CUT OUT STANDEE - DISHWASH 2FT X 4FT,CUT OUT STANDEE - DISHWASH 2FT x 4FT,EA,,1,SINGLE_UNIT,,Cut Out Standee,CUT OUT STANDEE,,1,NPD
MVMPCBTHD0005161,VOOKI SILVERLINES DISH WASH LIQUID 5LITERS,VOOKI SILVERLINES DISH WASH LIQUID 5LITERS,EA,5000.0,1,SINGLE_UNIT,,Dish Wash,DISH WASH - NPD,Silverlines Dish Wash Liquid,2,NPD
MVMPCBULKD250066,VOOKI NATURE POWERED DISH WASH,VOOKI NATURE POWERED DISH WASH,L,,1,BULK,,Dishwash,VOOKI DISHWASH - NPD,,1,NPD
MVMPCSPPL1D45002,VOOKI NATURE POWERED DISH WASH 1.45L - REFILL POUCH,VOOKI NATURE POWERED DISH WASH 1.45L - Refill Pouch,EA,1450.0,1,SINGLE_UNIT,8.0,Dishwash,VOOKI DISHWASH - NPD,,1,NPD
MVMPCCB20D500015,VOOKI NATURE POWERED DISH WASH 20 X 500ML,VOOKI NATURE POWERED DISH WASH 20 X 500ML,BOX,500.0,20,CASE,20.0,Dishwash,VOOKI DISHWASH - NPD,,1,NPD
MVMPCHDBR0200202,VOOKI NATURE POWERED DISH WASH 200 LITERS,VOOKI NATURE POWERED DISH WASH 200 LITERS,EA,200000.0,1,SINGLE_UNIT,,Dishwash,VOOKI DISHWASH - NPD,,1,NPD
MVMPCBTHDD250085,VOOKI NATURE POWERED DISH WASH 250ML,VOOKI NATURE POWERED DISH WASH 250ML,EA,250.0,1,SINGLE_UNIT,20.0,Dishwash,VOOKI DISHWASH - NPD,,1,NPD
MVMPCBTHDD500187,VOOKI NATURE POWERED DISH WASH 500ML,VOOKI NATURE POWERED DISH WASH 500ML,EA,500.0,1,SINGLE_UNIT,20.0,Dishwash,VOOKI DISHWASH - NPD,,1,NPD
MVMPCBULKD250132,VOOKI DISINFECTANT CLEANER,VOOKI DISINFECTANT CLEANER,EA,,1,SINGLE_UNIT,,Disinfectant,DISINFECTANT-NPD,,1,NPD
SVMPCDFCBTHD0126,VOOKI DISINFECTANT CLEANER - SAMPLE,VOOKI DISINFECTANT CLEANER - SAMPLE,EA,,1,SINGLE_UNIT,,Disinfectant,DISINFECTANT-NPD,,1,NPD
MVMPCCB20D500007,VOOKI DISINFECTANT CLEANER 20 X 500ML,VOOKI DISINFECTANT CLEANER 20 X 500ML,BOX,500.0,20,CASE,20.0,Disinfectant,DISINFECTANT-NPD,,1,NPD
MVMPCBTHD0200136,VOOKI DISINFECTANT CLEANER 200LITERS,VOOKI DISINFECTANT CLEANER 200LITERS,EA,200000.0,1,SINGLE_UNIT,,Disinfectant,DISINFECTANT-NPD,,1,NPD
MVMPCBTHD0025134,VOOKI DISINFECTANT CLEANER 25LITERS,VOOKI DISINFECTANT CLEANER 25LITERS,EA,25000.0,1,SINGLE_UNIT,,Disinfectant,DISINFECTANT-NPD,,1,NPD
MVMPCBTHDD500139,VOOKI DISINFECTANT CLEANER 500 ML,VOOKI DISINFECTANT CLEANER 500 ML,EA,500.0,1,SINGLE_UNIT,20.0,Disinfectant,DISINFECTANT-NPD,,1,NPD
MVMPCBTHD0050135,VOOKI DISINFECTANT CLEANER 50LITERS,VOOKI DISINFECTANT CLEANER 50LITERS,EA,50000.0,1,SINGLE_UNIT,,Disinfectant,DISINFECTANT-NPD,,1,NPD
MVMPCBTHD0005133,VOOKI DISINFECTANT CLEANER 5LITERS,VOOKI DISINFECTANT CLEANER 5LITERS,EA,5000.0,1,SINGLE_UNIT,,Disinfectant,DISINFECTANT-NPD,,1,NPD
MVMPCBTHD05BIAL1,VOOKI DISINFECTANT L15 - 5 LITERS,VOOKI DISINFECTANT L15 - 5 LITERS,EA,5000.0,1,SINGLE_UNIT,,Disinfectant,DISINFECTANT-NPD,,1,NPD
SVMPCL15BTHD0126,VOOKI DISINFECTANT L15 - SAMPLE,VOOKI DISINFECTANT L15 - SAMPLE,EA,,1,SINGLE_UNIT,,Disinfectant,DISINFECTANT-NPD,,1,NPD
MVMPCBTHD0200143,VOOKI DISINFECTANT L15 200LITERS,VOOKI DISINFECTANT L15 200LITERS,EA,200000.0,1,SINGLE_UNIT,,Disinfectant,DISINFECTANT-NPD,,1,NPD
MVMPCBTHD0025141,VOOKI DISINFECTANT L15 25LITERS,VOOKI DISINFECTANT L15 25LITERS,EA,25000.0,1,SINGLE_UNIT,,Disinfectant,DISINFECTANT-NPD,,1,NPD
MVMPCBTHD0050142,VOOKI DISINFECTANT L15 50LITERS,VOOKI DISINFECTANT L15 50LITERS,EA,50000.0,1,SINGLE_UNIT,,Disinfectant,DISINFECTANT-NPD,,1,NPD
MVMPCBTHD0005140,VOOKI DISINFECTANT L15 5LITERS,VOOKI DISINFECTANT L15 5LITERS,EA,5000.0,1,SINGLE_UNIT,,Disinfectant,DISINFECTANT-NPD,,1,NPD
MVMPCBTHD0025146,VOOKI DISINFECTANT L30 25LITERS,VOOKI DISINFECTANT L30 25LITERS,EA,25000.0,1,SINGLE_UNIT,,Disinfectant,DISINFECTANT-NPD,,1,NPD
MVMPCBTHD0005145,VOOKI DISINFECTANT L30 5LITERS,VOOKI DISINFECTANT L30 5LITERS,EA,5000.0,1,SINGLE_UNIT,,Disinfectant,DISINFECTANT-NPD,,1,NPD
MVMPCBTHDD500185,VOOKI GERM SHIELD 500 ML,VOOKI GERM SHIELD 500 ML,EA,500.0,1,SINGLE_UNIT,20.0,Disinfectant,DISINFECTANT-NPD,,1,NPD
MVMPCBTHD0035138,VOOKI GUARD P60 35LITERS,VOOKI GUARD P60 35LITERS,EA,35000.0,1,SINGLE_UNIT,,Disinfectant,DISINFECTANT-NPD,,1,NPD
MVMPCBTHD0005149,VOOKI GUARD P60 5LITERS,VOOKI GUARD P60 5LITERS,EA,5000.0,1,SINGLE_UNIT,,Disinfectant P60,DISINFECTANT P60 - NPD,,1,NPD
MVECCBULK0000188,VOOKI ELECTRONIC COMPONENT CLEANER,VOOKI ELECTRONIC COMPONENT CLEANER,L,,1,BULK,,Electronic Component Cleaner,ELECTRONIC COMPONENT CLEANER - NPD,,1,NPD
MVECCBTPTD100001,VOOKI ELECTRONIC COMPONENT CLEANER 100ML,VOOKI ELECTRONIC COMPONENT CLEANER 100ML,EA,100.0,1,SINGLE_UNIT,20.0,Electronic Component Cleaner,ELECTRONIC COMPONENT CLEANER - NPD,,1,NPD
MVECCCB20D500004,VOOKI ELECTRONIC COMPONENT CLEANER 20 X 500ML,VOOKI ELECTRONIC COMPONENT CLEANER 20 X 500ML,BOX,500.0,20,CASE,20.0,Electronic Component Cleaner,ELECTRONIC COMPONENT CLEANER - NPD,,1,NPD
MVECCBTPT0005189,VOOKI ELECTRONIC COMPONENT CLEANER 5 LITER,VOOKI ELECTRONIC COMPONENT CLEANER 5 LITER,EA,5000.0,1,SINGLE_UNIT,,Electronic Component Cleaner,ELECTRONIC COMPONENT CLEANER - NPD,,1,NPD
MVECCBTPTD500003,VOOKI ELECTRONIC COMPONENT CLEANER 500ML,VOOKI ELECTRONIC COMPONENT CLEANER 500ML,EA,500.0,1,SINGLE_UNIT,20.0,Electronic Component Cleaner,ELECTRONIC COMPONENT CLEANER - NPD,,1,NPD
MVMPCBTHD0D50005,VOOKI SCREEN CLEANER 50ML,VOOKI SCREEN CLEANER 50ML,EA,50.0,1,SINGLE_UNIT,20.0,Electronic Component Cleaner,ELECTRONIC COMPONENT CLEANER - NPD,,1,NPD
MVMPCBULKD250043,VOOKI SILVERLINES DESCALER,VOOKI SILVERLINES DESCALER,EA,,1,SINGLE_UNIT,,Floor Cleaner,FLOOR CLEANER - NPD,,1,NPD
MVMPCBULKD250042,VOOKI SILVERLINES FLOOR CLEANER,VOOKI SILVERLINES FLOOR CLEANER,EA,,1,SINGLE_UNIT,,Floor Cleaner,FLOOR CLEANER - NPD,,1,NPD
MVMPCHDBR0210550,VOOKI FLOOR&SURFACE CLEANER 210L,VOOKI FLOOR&SURFACE CLEANER 210L,EA,210000.0,1,SINGLE_UNIT,,Floor+Surface Cleaner,FLOOR+SURFACE CLEANER - NPD,,1,NPD
MVMPCBTHDD500192,VOOKI FLOOR&SURFACE CLEANER 500ML,VOOKI FLOOR&SURFACE CLEANER 500ML,EA,500.0,1,SINGLE_UNIT,20.0,Floor+Surface Cleaner,FLOOR+SURFACE CLEANER - NPD,,1,NPD
MVMPCBULKD250057,VOOKI FLOOR+SURFACE CLEANER,VOOKI FLOOR+SURFACE CLEANER,L,,1,BULK,,Floor+Surface Cleaner,FLOOR+SURFACE CLEANER - NPD,,1,NPD
MDBULKVOFSC00006,VOOKI FLOOR+SURFACE CLEANER,VOOKI FLOOR+SURFACE CLEANER,EA,,1,SINGLE_UNIT,,Floor+Surface Cleaner,VOOKI FLOOR+SURFACE CLEANER - NPD,,1,NPD
MVMPCBTHD0100087,VOOKI FLOOR+SURFACE CLEANER 100ML,VOOKI FLOOR+SURFACE CLEANER 100ML,EA,100.0,1,SINGLE_UNIT,20.0,Floor+Surface Cleaner,FLOOR+SURFACE CLEANER - NPD,,1,NPD
MVMPCCB20D500011,VOOKI FLOOR+SURFACE CLEANER 20 X 500ML,VOOKI FLOOR+SURFACE CLEANER 20 X 500ML,BOX,500.0,20,CASE,20.0,Floor+Surface Cleaner,VOOKI FLOOR+SURFACE CLEANER - NPD,,2,NPD
MVMPCBTHDD250012,VOOKI FLOOR+SURFACE CLEANER 250ML,VOOKI FLOOR+SURFACE CLEANER 250ML,EA,250.0,1,SINGLE_UNIT,20.0,Floor+Surface Cleaner,FLOOR+SURFACE CLEANER - NPD,,1,NPD
MDRNAN250VOFC012,VOOKI FLOOR+SURFACE CLEANER 250ML,VOOKI FLOOR+SURFACE CLEANER 250ML,EA,250.0,1,SINGLE_UNIT,20.0,Floor+Surface Cleaner,FLOOR+SURFACE CLEANER - NPD,,1,NPD
MVMPCBTHD0025150,VOOKI FLOOR+SURFACE CLEANER 25LITERS,VOOKI FLOOR+SURFACE CLEANER 25LITERS,EA,25000.0,1,SINGLE_UNIT,,Floor+Surface Cleaner,VOOKI FLOOR+SURFACE CLEANER - NPD,,1,NPD
MVMPCBTHDD500013,VOOKI FLOOR+SURFACE CLEANER 500ML,VOOKI FLOOR+SURFACE CLEANER 500ML,EA,500.0,1,SINGLE_UNIT,20.0,Floor+Surface Cleaner,FLOOR+SURFACE CLEANER - NPD,,2,NPD
MVMPCBTHD0005164,VOOKI FLOOR+SURFACE CLEANER 5LITERS,VOOKI FLOOR+SURFACE CLEANER 5LITERS,EA,5000.0,1,SINGLE_UNIT,,Floor+Surface Cleaner,FLOOR+SURFACE CLEANER - NPD,,2,NPD
MVMPCBULKD250060,VOOKI GLASS+SMOOTH SURFACE CLEANER,VOOKI GLASS+SMOOTH SURFACE CLEANER,L,,1,BULK,,Floor+Surface Cleaner,VOOKI FLOOR+SURFACE CLEANER - NPD,Glass+Smooth Surface Cleaner,2,NPD
MVMPCBULKD250059,VOOKI TOILET BOWL CLEANER,VOOKI TOILET BOWL CLEANER,L,,1,BULK,,Floor+Surface Cleaner,VOOKI FLOOR+SURFACE CLEANER - NPD,Toilet Bowl Cleaner,2,NPD
MVBXOCB00NA00004,VOOKI GIFT BOX - HANDWASH LIQUID 450ML,VOOKI GIFT BOX - HANDWASH LIQUID 450ML,EA,450.0,1,SINGLE_UNIT,20.0,Gift Box,GIFT BOX,,1,NPD
MVBXOCB00NA00002,VOOKI GIFT BOX - PREMIUM,VOOKI GIFT BOX - PREMIUM,EA,,1,SINGLE_UNIT,,Gift Box,GIFT BOX,,1,NPD
MVMPCBTHDD100017,VOOKI GLASS+SMOOTH SURFACE CLEANER 100ML,VOOKI GLASS+SMOOTH SURFACE CLEANER 100ML,EA,100.0,1,SINGLE_UNIT,20.0,Glass+Smooth Surface Cleaner,GLASS+SMOOTH SURFACE CLEANER - NPD,,1,NPD
MVMPCCB20D500003,VOOKI GLASS+SMOOTH SURFACE CLEANER 20 X 500ML,VOOKI GLASS+SMOOTH SURFACE CLEANER 20 X 500ML,BOX,500.0,20,CASE,20.0,Glass+Smooth Surface Cleaner,GLASS+SMOOTH SURFACE CLEANER - NPD,,1,NPD
MVMPCBTHD0210076,VOOKI GLASS+SMOOTH SURFACE CLEANER 210LITERS,VOOKI GLASS+SMOOTH SURFACE CLEANER 210LITERS,EA,210000.0,1,SINGLE_UNIT,,Glass+Smooth Surface Cleaner,GLASS+SMOOTH SURFACE CLEANER - NPD,,1,NPD
MVMPCBTHDD250010,VOOKI GLASS+SMOOTH SURFACE CLEANER 250ML,VOOKI GLASS+SMOOTH SURFACE CLEANER 250ML,EA,250.0,1,SINGLE_UNIT,20.0,Glass+Smooth Surface Cleaner,GLASS+SMOOTH SURFACE CLEANER - NPD,,1,NPD
MDRNAN250VOGC010,VOOKI GLASS+SMOOTH SURFACE CLEANER 250ML,VOOKI GLASS+SMOOTH SURFACE CLEANER 250ML,EA,250.0,1,SINGLE_UNIT,20.0,Glass+Smooth Surface Cleaner,GLASS+SMOOTH SURFACE CLEANER - NPD,,1,NPD
MVMPCBTHDD500011,VOOKI GLASS+SMOOTH SURFACE CLEANER 500ML,VOOKI GLASS+SMOOTH SURFACE CLEANER 500ML,EA,500.0,1,SINGLE_UNIT,20.0,Glass+Smooth Surface Cleaner,GLASS+SMOOTH SURFACE CLEANER - NPD,,1,NPD
MVMPCBTHD0005165,VOOKI GLASS+SMOOTH SURFACE CLEANER 5LITERS,VOOKI GLASS+SMOOTH SURFACE CLEANER 5LITERS,EA,5000.0,1,SINGLE_UNIT,,Glass+Smooth Surface Cleaner,GLASS+SMOOTH SURFACE CLEANER - NPD,,2,NPD
MVMPCBTHD0050120,VOOKI GLASS+SMOOTH SURFACE CLEANER 50LITERS,VOOKI GLASS+SMOOTH SURFACE CLEANER 50LITERS,EA,50000.0,1,SINGLE_UNIT,,Glass+Surface Cleaner,GLASS+SURFACE CLEANER - NPD,,1,NPD
MVMPCBTHDD100160,PURE CHEMS ISO PROPYL ALCOHOL 99.9% 100ML,PURE CHEMS ISO PROPYL ALCOHOL 99.9% 100ML,EA,100.0,1,SINGLE_UNIT,20.0,Hand Sanitizer,HAND SANITIZER - NPD,,1,NPD
MVMPCBTHDD500042,PURE CHEMS ISO PROPYL ALCOHOL 99.9% 500ML,PURE CHEMS ISO PROPYL ALCOHOL 99.9% 500ML,EA,500.0,1,SINGLE_UNIT,20.0,Hand Sanitizer,HAND SANITIZER - NPD,,1,NPD
MVMPCBULKD250153,VOOKI E HAND SANITIZER,VOOKI E HAND SANITIZER,L,,1,BULK,,Hand Sanitizer,HAND SANITIZER - NPD,,1,NPD
MVMPCCB20D500010,VOOKI E HAND SANITIZER 20 X 500ML (PUMP),VOOKI E HAND SANITIZER 20 X 500ML (PUMP),BOX,500.0,20,CASE,20.0,Hand Sanitizer,HAND SANITIZER - NPD,,1,NPD
MVMPCBULK0200157,VOOKI E HAND SANITIZER 200LITERS,VOOKI E HAND SANITIZER 200LITERS,L,200000.0,1,BULK,,Hand Sanitizer,HAND SANITIZER - NPD,,1,NPD
MVMPCCB45D200002,VOOKI E HAND SANITIZER 48 X 200ML (SPRAY),VOOKI E HAND SANITIZER 48 X 200ML (SPRAY),BOX,200.0,48,MULTIPACK_SAME_ITEM,20.0,Hand Sanitizer,HAND SANITIZER - NPD,,1,NPD
MVMPCBTHDD500156,VOOKI E HAND SANITIZER 500ML (FLIP),VOOKI E HAND SANITIZER 500ML (FLIP),EA,500.0,1,SINGLE_UNIT,20.0,Hand Sanitizer,HAND SANITIZER - NPD,,1,NPD
MVMPCBTHD0005154,VOOKI E HAND SANITIZER 5LITERS,VOOKI E HAND SANITIZER 5LITERS,EA,5000.0,1,SINGLE_UNIT,,Hand Sanitizer,HAND SANITIZER - NPD,,1,NPD
MVMPCBTHD0005163,VOOKI E HAND SANITIZER BLUE TINTED 5 LITERS,VOOKI E HAND SANITIZER BLUE TINTED 5 LITERS,EA,5000.0,1,SINGLE_UNIT,,Hand Sanitizer,HAND SANITIZER - NPD,,1,NPD
MVMPCCB20D500005,VOOKI HAND SANITIZER 20 X 500ML (SPRAY),VOOKI HAND SANITIZER 20 X 500ML (SPRAY),BOX,500.0,20,CASE,20.0,Hand Sanitizer,HAND SANITIZER - NPD,,1,NPD
MVMPCBTHD0200129,VOOKI HAND SANITIZER 200LITERS,VOOKI HAND SANITIZER 200LITERS,EA,200000.0,1,SINGLE_UNIT,,Hand Sanitizer,HAND SANITIZER - NPD,,1,NPD
MVMPCBTSPD200132,VOOKI HAND SANITIZER 200ML (SPRAY),VOOKI HAND SANITIZER 200ML (SPRAY),EA,200.0,1,SINGLE_UNIT,20.0,Hand Sanitizer,HAND SANITIZER - NPD,Silverlines Scale Remover,2,NPD
MVMPCCB45D200001,VOOKI HAND SANITIZER 45 X 200ML (SPRAY),VOOKI HAND SANITIZER 45 X 200ML (SPRAY),BOX,200.0,45,MULTIPACK_SAME_ITEM,20.0,Hand Sanitizer,HAND SANITIZER - NPD,,1,NPD
MVMPCBTHD0050130,VOOKI HAND SANITIZER 50 LITERS,VOOKI HAND SANITIZER 50 LITERS,EA,50000.0,1,SINGLE_UNIT,,Hand Sanitizer,HAND SANITIZER - NPD,,1,NPD
MVMPCBTHDD500128,VOOKI HAND SANITIZER 500ML(FLIP),VOOKI HAND SANITIZER 500ML(FLIP),EA,500.0,1,SINGLE_UNIT,20.0,Hand Sanitizer,HAND SANITIZER - NPD,,1,NPD
MVMPCBTHD0050126,VOOKI HAND SANITIZER 5LITERS,VOOKI HAND SANITIZER 5LITERS,EA,5000.0,1,SINGLE_UNIT,,Hand Sanitizer,HAND SANITIZER - NPD,,1,NPD
MVMPCBTHD0005126,VOOKI HAND SANITIZER 5LITERS,VOOKI HAND SANITIZER 5LITERS,EA,5000.0,1,SINGLE_UNIT,,Hand Sanitizer,HAND SANITIZER - NPD,,1,NPD
MVMPCBTHDG005127,VOOKI HAND SANITIZER GEL 5LITERS,VOOKI HAND SANITIZER GEL 5LITERS,EA,5000.0,1,SINGLE_UNIT,,Hand Sanitizer,HAND SANITIZER - NPD,,1,NPD
MVMPCTU00GD60128,VOOKI HAND SANITIZER GEL 60ML,VOOKI HAND SANITIZER GEL 60ML,EA,60.0,1,SINGLE_UNIT,20.0,Hand Sanitizer,HAND SANITIZER - NPD,,1,NPD
MVMPCCB80D060028,VOOKI HAND SANITIZER GEL 80 X 60ML,VOOKI HAND SANITIZER GEL 80 X 60ML,BOX,60.0,80,MULTIPACK_SAME_ITEM,20.0,Hand Sanitizer,HAND SANITIZER - NPD,,1,NPD
MVMPCBTHDD405001,VOOKI LUXURY HADNWASH BUDS & BERRIES [FOAM] 405ML,VOOKI LUXURY HADNWASH BUDS & BERRIES [FOAM] 405ML,EA,405.0,1,SINGLE_UNIT,20.0,Hand Wash,HAND WASH - NPD,,1,NPD
MVMPCBTHDD405004,VOOKI LUXURY HADNWASH WHIMSICAL WONDER 405ML,VOOKI LUXURY HADNWASH WHIMSICAL WONDER 405ML,EA,405.0,1,SINGLE_UNIT,20.0,Hand Wash,HAND WASH - NPD,,1,NPD
MVMPCCP02D405004,VOOKI LUXURY HANDWASH PEACH & PLUM + TROPICAL BREEZE [GEL] COMBO PACK OF 2 X 405ML,VOOKI LUXURY HANDWASH PEACH & PLUM + TROPICAL BREEZE [GEL] COMBO PACK OF 2 X 405ML,BOX,405.0,2,MULTIPACK_SAME_ITEM,20.0,Hand Wash,HAND WASH - NPD,,1,NPD
MVMPCCB20D405001,VOOKI LUXURY HANDWASH PEACH & PLUM [FOAM] 20 X 405ML,VOOKI LUXURY HANDWASH PEACH & PLUM [FOAM] 20 X 405ML,BOX,405.0,20,CASE,20.0,Hand Wash,HAND WASH - NPD,,1,NPD
MVMPCBTHDD405002,VOOKI LUXURY HANDWASH PEACH & PLUM [FOAM] 405ML,VOOKI LUXURY HANDWASH PEACH & PLUM [FOAM] 405ML,EA,405.0,1,SINGLE_UNIT,20.0,Hand Wash,HAND WASH - NPD,,1,NPD
MVMPCBTHDD405003,VOOKI LUXURY HANDWASH TROPICAL BREEZE [GEL] 405ML,VOOKI LUXURY HANDWASH TROPICAL BREEZE [GEL] 405ML,EA,405.0,1,SINGLE_UNIT,20.0,Hand Wash,HAND WASH - NPD,,1,NPD
MVMPCBTHD0050118,VOOKI HARD STAINS SPARY+WIPE 50LITERS,VOOKI HARD STAINS SPARY+WIPE 50LITERS,EA,50000.0,1,SINGLE_UNIT,,Hard Stains Spray+Wipe,VOOKI HARD STAINS SPRAY+WIPE - NPD,,1,NPD
MVMPCBULKD250058,VOOKI HARD STAINS SPRAY+WIPE,VOOKI HARD STAINS SPRAY+WIPE,L,,1,BULK,,Hard Stains Spray+Wipe,HARD STAINS SPRAY+WIPE - NPD,Floor+Surface Cleaner,2,NPD
MVMPCBTHDD100014,VOOKI HARD STAINS SPRAY+WIPE 100ML,VOOKI HARD STAINS SPRAY+WIPE 100ML,EA,100.0,1,SINGLE_UNIT,20.0,Hard Stains Spray+Wipe,HARD STAINS SPRAY+WIPE - NPD,,1,NPD
MVMPCCB02D500001,VOOKI HARD STAINS SPRAY+WIPE 2 X 500ML,VOOKI HARD STAINS SPRAY+WIPE 2 X 500ML,BOX,500.0,2,MULTIPACK_SAME_ITEM,20.0,Hard Stains Spray+Wipe,HARD STAINS SPRAY+WIPE - NPD,,1,NPD
MVMPCCB20D500012,VOOKI HARD STAINS SPRAY+WIPE 20 X 500ML,VOOKI HARD STAINS SPRAY+WIPE 20 X 500ML,BOX,500.0,20,CASE,20.0,Hard Stains Spray+Wipe,VOOKI HARD STAINS SPRAY+WIPE - NPD,,2,NPD
MVMPCHDBR0210094,VOOKI HARD STAINS SPRAY+WIPE 210LITERS,VOOKI HARD STAINS SPRAY+WIPE 210LITERS,EA,210000.0,1,SINGLE_UNIT,,Hard Stains Spray+Wipe,HARD STAINS SPRAY+WIPE - NPD,,1,NPD
MDRNAN210VOHS028,VOOKI HARD STAINS SPRAY+WIPE 210LITERS,VOOKI HARD STAINS SPRAY+WIPE 210LITERS,EA,210000.0,1,SINGLE_UNIT,,Hard Stains Spray+Wipe,HARD STAINS SPRAY+WIPE - NPD,,1,NPD
MVMPCBTHDD250014,VOOKI HARD STAINS SPRAY+WIPE 250ML,VOOKI HARD STAINS SPRAY+WIPE 250ML,EA,250.0,1,SINGLE_UNIT,20.0,Hard Stains Spray+Wipe,HARD STAINS SPRAY+WIPE - NPD,,2,NPD
MVMPCBTHDD500009,VOOKI HARD STAINS SPRAY+WIPE 500ML,VOOKI HARD STAINS SPRAY+WIPE 500ML,EA,500.0,1,SINGLE_UNIT,20.0,Hard Stains Spray+Wipe,HARD STAINS SPRAY+WIPE - NPD,,2,NPD
MVMPCBTHD0005167,VOOKI HARD STAINS SPRAY+WIPE 5LITERS,VOOKI HARD STAINS SPRAY+WIPE 5LITERS,EA,5000.0,1,SINGLE_UNIT,,Hard Stains Spray+Wipe,HARD STAINS SPRAY+WIPE - NPD,,2,NPD
MVMPCBTHD0001015,VOOKI SILVERLINE PURE AUTO RINSE 1 LITER,VOOKI SILVERLINE PURE AUTO  RINSE 1 LITER,EA,1000.0,1,SINGLE_UNIT,20.0,Kitchen,VOOKI KITCHEN,,1,NPD
MVMPCBTHD0025192,VOOKI SILVERLINE PURE AUTO RINSE 25 LITERS,VOOKI SILVERLINE PURE AUTO  RINSE 25 LITERS,EA,25000.0,1,SINGLE_UNIT,,Kitchen,VOOKI KITCHEN,,1,NPD
MVMPCBTHD0001016,VOOKI SILVERLINE PURE AUTO WASH 1 LITER,VOOKI SILVERLINE PURE AUTO  WASH 1 LITER,EA,1000.0,1,SINGLE_UNIT,20.0,Kitchen,VOOKI KITCHEN,,1,NPD
MVMPCBTHD0025193,VOOKI SILVERLINE PURE AUTO WASH 25 LITERS,VOOKI SILVERLINE PURE AUTO  WASH 25 LITERS,EA,25000.0,1,SINGLE_UNIT,,Kitchen,VOOKI KITCHEN,,1,NPD
MVMPCBTHD0001012,VOOKI SILVERLINE PURE CITRUS MULTI (FLR & DISH) 1 LITER,VOOKI SILVERLINE PURE CITRUS  MULTI (FLR & DISH) 1 LITER,EA,1000.0,1,SINGLE_UNIT,20.0,Kitchen,VOOKI KITCHEN,,1,NPD
MVMPCBTHD0005212,VOOKI SILVERLINE PURE CITRUS MULTI (FLR & DISH) 5 LITERS,VOOKI SILVERLINE PURE CITRUS  MULTI (FLR & DISH) 5 LITERS,EA,5000.0,1,SINGLE_UNIT,,Kitchen,VOOKI KITCHEN,,1,NPD
MVMPCBTHD0005213,VOOKI SILVERLINE PURE DRAIN 5 LITERS,VOOKI SILVERLINE PURE DRAIN 5 LITERS,EA,5000.0,1,SINGLE_UNIT,,Kitchen,VOOKI KITCHEN,,1,NPD
MVMPCBTHD0001014,VOOKI SILVERLINE PURE HEAVY GRILL & OVEN CLEAN 1 LITER,VOOKI SILVERLINE PURE HEAVY GRILL & OVEN CLEAN 1 LITER,EA,1000.0,1,SINGLE_UNIT,20.0,Kitchen,VOOKI KITCHEN,,1,NPD
MVMPCBTHD0001013,VOOKI SILVERLINE PURE HEAVY TAWA CLEAN 1 LITER,VOOKI SILVERLINE PURE HEAVY TAWA CLEAN 1 LITER,EA,1000.0,1,SINGLE_UNIT,20.0,Kitchen,VOOKI KITCHEN,,1,NPD
MVMPCBTHD0005211,VOOKI SILVERLINE PURE HEAVY TAWA CLEAN 5 LITERS,VOOKI SILVERLINE PURE HEAVY TAWA CLEAN 5 LITERS,EA,5000.0,1,SINGLE_UNIT,,Kitchen,VOOKI KITCHEN,,1,NPD
MVMPCBULK0000209,VOOKI BIOSENSE LAUNDRY DETERGENT,VOOKI BIOSENSE LAUNDRY DETERGENT,L,,1,BULK,,Laundry,VOOKI LAUNDRY,,1,NPD
MVMPCSPPL1D45001,VOOKI BIOSENSE LAUNDRY DETERGENT 1.45L - REFILL POUCH,VOOKI BIOSENSE LAUNDRY DETERGENT 1.45L - Refill Pouch,EA,1450.0,1,SINGLE_UNIT,8.0,Laundry,VOOKI LAUNDRY,,1,NPD
MVMPCHDBR0200206,VOOKI BIOSENSE LAUNDRY DETERGENT 200 LITERS,VOOKI BIOSENSE LAUNDRY DETERGENT 200 LITERS,EA,200000.0,1,SINGLE_UNIT,,Laundry,VOOKI LAUNDRY,,1,NPD
MVMPCBTHDD405005,VOOKI BIOSENSE LAUNDRY DETERGENT 405ML,VOOKI BIOSENSE LAUNDRY DETERGENT 405ML,EA,405.0,1,SINGLE_UNIT,20.0,Laundry,VOOKI LAUNDRY,,1,NPD
MVMPCBTHDD801001,VOOKI BIOSENSE LAUNDRY DETERGENT 801ML,VOOKI BIOSENSE LAUNDRY DETERGENT 801ML,EA,801.0,1,SINGLE_UNIT,20.0,Laundry,VOOKI LAUNDRY,,1,NPD
MVMPCCP0801D4501,VOOKI BIOSENSE LAUNDRY DETERGENT PACK OF 8 X 1.45L - REFILL POUCH,VOOKI BIOSENSE LAUNDRY DETERGENT PACK OF 8 X 1.45L - REFILL POUCH,BOX,1450.0,8,CASE,8.0,Laundry,VOOKI LAUNDRY,,1,NPD
MVMPCCP0801D4502,VOOKI NATURE POWERED DISH WASH PACK OF 8 X 1.45L - REFILL POUCH,VOOKI NATURE POWERED DISH WASH PACK OF 8 X 1.45L - REFILL POUCH,BOX,1450.0,8,CASE,8.0,Laundry,VOOKI LAUNDRY,,1,NPD
MVMPCCNHD0005218,VOOKI SILVERLINE CHLORINE BLEACH 5 L,VOOKI SILVERLINE CHLORINE BLEACH 5 L,EA,5000.0,1,SINGLE_UNIT,,Laundry,VOOKI LAUNDRY,,1,NPD
MVMPCBTHD0001022,VOOKI SILVERLINE PURE ALEO SOFTENER 1 LITER,VOOKI SILVERLINE PURE  ALEO  SOFTENER 1 LITER,EA,1000.0,1,SINGLE_UNIT,20.0,Laundry,VOOKI LAUNDRY,,1,NPD
MVMPCBTHD0005203,VOOKI SILVERLINE PURE ALEO SOFTENER 5 LITERS,VOOKI SILVERLINE PURE  ALEO  SOFTENER 5 LITERS,EA,5000.0,1,SINGLE_UNIT,,Laundry,VOOKI LAUNDRY,,1,NPD
MVMPCBTHD0001021,VOOKI SILVERLINE PURE BLEACH-CH2 1 LITER,VOOKI SILVERLINE PURE  BLEACH-CH2 1 LITER,EA,1000.0,1,SINGLE_UNIT,20.0,Laundry,VOOKI LAUNDRY,,1,NPD
MVMPCBTHD0001020,VOOKI SILVERLINE PURE NEUTRAL 1 LITER,VOOKI SILVERLINE PURE  NEUTRAL 1 LITER,EA,1000.0,1,SINGLE_UNIT,20.0,Laundry,VOOKI LAUNDRY,,1,NPD
MVMPCBTHD0005207,VOOKI SILVERLINE PURE NEUTRAL 5 LITERS,VOOKI SILVERLINE PURE  NEUTRAL 5 LITERS,EA,5000.0,1,SINGLE_UNIT,,Laundry,VOOKI LAUNDRY,,1,NPD
MVMPCBTHD0001018,VOOKI SILVERLINE PURE TREAT EMULSIFIER 1 LITER,VOOKI SILVERLINE PURE  TREAT EMULSIFIER 1 LITER,EA,1000.0,1,SINGLE_UNIT,20.0,Laundry,VOOKI LAUNDRY,,1,NPD
MVMPCBTHD0005200,VOOKI SILVERLINE PURE TREAT EMULSIFIER 5 LITERS,VOOKI SILVERLINE PURE  TREAT EMULSIFIER 5 LITERS,EA,5000.0,1,SINGLE_UNIT,,Laundry,VOOKI LAUNDRY,,1,NPD
MVMPCBTHD0001017,VOOKI SILVERLINE PURE ULTRA ALKALINE BOOSTER 1 LITER,VOOKI SILVERLINE PURE ULTRA ALKALINE BOOSTER 1 LITER,EA,1000.0,1,SINGLE_UNIT,20.0,Laundry,VOOKI LAUNDRY,,1,NPD
MVMPCBTHD0005201,VOOKI SILVERLINE PURE ULTRA ALKALINE BOOSTER 5 LITERS,VOOKI SILVERLINE PURE ULTRA ALKALINE BOOSTER 5 LITERS,EA,5000.0,1,SINGLE_UNIT,,Laundry,VOOKI LAUNDRY,,1,NPD
MVMPCBTHD0001019,VOOKI SILVERLINE PURE ULTRA CLEAN LIQUID DETERGENT 1 LITER,VOOKI SILVERLINE PURE ULTRA  CLEAN LIQUID DETERGENT 1 LITER,EA,1000.0,1,SINGLE_UNIT,20.0,Laundry,VOOKI LAUNDRY,,1,NPD
MVMPCBTHD0005199,VOOKI SILVERLINE PURE ULTRA CLEAN LIQUID DETERGENT 5 LITERS,VOOKI SILVERLINE PURE ULTRA  CLEAN LIQUID DETERGENT 5 LITERS,EA,5000.0,1,SINGLE_UNIT,,Laundry,VOOKI LAUNDRY,,1,NPD
MVMPCBULK0000197,VOOKI FAB DETERGENT LIQUID,VOOKI FAB DETERGENT LIQUID,L,,1,BULK,,Laundry B2B,LAUNDRY B2B,,1,NPD
MVMPCBTHD0001004,VOOKI FAB DETERGENT LIQUID 1 LITER,VOOKI FAB DETERGENT LIQUID 1 LITER,EA,1000.0,1,SINGLE_UNIT,20.0,Laundry B2B,LAUNDRY B2B,,1,NPD
MVMPCCNHD0025193,VOOKI FAB DETERGENT LIQUID 25 LITERS,VOOKI FAB DETERGENT LIQUID 25 LITERS,EA,25000.0,1,SINGLE_UNIT,,Laundry B2B,LAUNDRY B2B,,1,NPD
MVMPCCNHD0005198,VOOKI FAB EMULSIFIER 5 LITERS,VOOKI FAB EMULSIFIER 5 LITERS,EA,5000.0,1,SINGLE_UNIT,,Laundry B2B,LAUNDRY B2B,,1,NPD
MVMPCBULK0000200,VOOKI FAB EMULSIFIER LIQUID,VOOKI FAB EMULSIFIER LIQUID,L,,1,BULK,,Laundry B2B,LAUNDRY B2B,,1,NPD
MVMPCBTHD0001005,VOOKI FAB LIQUID BLEACH 1 LITER,VOOKI FAB LIQUID BLEACH 1 LITER,EA,1000.0,1,SINGLE_UNIT,20.0,Laundry B2B,LAUNDRY B2B,,1,NPD
MVMPCCNHD0025192,VOOKI FAB LIQUID BLEACH 25 LITERS,VOOKI FAB LIQUID BLEACH 25 LITERS,EA,25000.0,1,SINGLE_UNIT,,Laundry B2B,LAUNDRY B2B,,1,NPD
MVMPCCNHD0025195,VOOKI FAB NEUTRALIZER 25 LITERS,VOOKI FAB NEUTRALIZER 25 LITERS,EA,25000.0,1,SINGLE_UNIT,,Laundry B2B,LAUNDRY B2B,,1,NPD
MVMPCBTHD0001002,VOOKI FAB OPTICAL BRIGHTENER 1 LITER,VOOKI FAB OPTICAL BRIGHTENER 1 LITER,EA,1000.0,1,SINGLE_UNIT,20.0,Laundry B2B,LAUNDRY B2B,,1,NPD
MVMPCCNHD0025194,VOOKI FAB OPTICAL BRIGHTENER 25 LITERS,VOOKI FAB OPTICAL BRIGHTENER 25 LITERS,EA,25000.0,1,SINGLE_UNIT,,Laundry B2B,LAUNDRY B2B,,1,NPD
MVMPCBULK0000196,VOOKI FAB OPTICAL BRIGHTENER LIQUID,VOOKI FAB OPTICAL BRIGHTENER LIQUID,L,,1,BULK,,Laundry B2B,LAUNDRY B2B,,1,NPD
MVMPCCNHD0025196,VOOKI FAB PH BOOSTER 25 LITERS,VOOKI FAB PH BOOSTER 25 LITERS,EA,25000.0,1,SINGLE_UNIT,,Laundry B2B,LAUNDRY B2B,,1,NPD
MVMPCBULK0000194,VOOKI FAB PH BOOSTER LIQUID,VOOKI FAB PH BOOSTER LIQUID,L,,1,BULK,,Laundry B2B,LAUNDRY B2B,,1,NPD
MVMPCCNHD0005199,VOOKI FAB SOFTENER WITH FRAGRANCE 5 LITERS,VOOKI FAB SOFTENER WITH FRAGRANCE 5 LITERS,EA,5000.0,1,SINGLE_UNIT,,Laundry B2B,LAUNDRY B2B,,1,NPD
MVMPCCNHD0005200,"VOOKI SILVERLINES CLEAR HAND WASH (NO ODOUR, NO COLOUR) 5LITERS","VOOKI SILVERLINES CLEAR HAND WASH (NO ODOUR, NO COLOUR) 5LITERS",EA,5000.0,1,SINGLE_UNIT,,Laundry B2B,LAUNDRY B2B,,1,NPD
MVMPCBTPUD500129,VOOKI HAND SANITIZER 500ML (PUMP),VOOKI HAND SANITIZER 500ML (PUMP),EA,500.0,1,SINGLE_UNIT,20.0,Personal Hygiene,PERSONAL HYGIENE  - NPD,Hand Sanitizer,2,NPD
MVMPCBTHD0005184,VOOKI SILVERLINES ROOM FRESHENER CANDY CRUSH 5 LITERS,VOOKI SILVERLINES ROOM FRESHENER CANDY CRUSH 5 LITERS,EA,5000.0,1,SINGLE_UNIT,,Room Freshener,ROOM FRESHENER - NPD,Silverlines Room Freshener,2,NPD
MVMPCHDBT0100536,"VOOKI SILVERLINES CLEAR HAND WASH (NO ODOUR, NO COLOUR) 100ML","VOOKI SILVERLINES CLEAR HAND WASH (NO ODOUR, NO COLOUR) 100ML",EA,100.0,1,SINGLE_UNIT,20.0,Silverline Hand Wash,SILVERLINE HAND WASH - NPD,,1,NPD
MVMPCBTHDD100186,VOOKI SILVERLINES HANDWASH LIQUID 100ML,VOOKI SILVERLINES HANDWASH LIQUID 100ML,EA,100.0,1,SINGLE_UNIT,20.0,Silverline Hand Wash,SILVERLINE HAND WASH - NPD,,1,NPD
MVMPCBTHD0005186,VOOKI SILVERLINES HANDWASH LIQUID 5LITERS,VOOKI SILVERLINES HANDWASH LIQUID 5LITERS,EA,5000.0,1,SINGLE_UNIT,,Silverline Hand Wash,SILVERLINE HAND WASH - NPD,,1,NPD
MVMPCBTHD0100100,VOOKI SILVERLINES CARPET SHAMPOO 100ML,VOOKI SILVERLINES CARPET SHAMPOO 100ML,EA,100.0,1,SINGLE_UNIT,20.0,Silverlines Carpet Shampoo,SILVERLINES CARPET SHAMPOO - NPD,,1,NPD
MVMPCBTHDD250065,VOOKI SILVERLINES CARPET SHAMPOO 250ML,VOOKI SILVERLINES CARPET SHAMPOO 250ML,EA,250.0,1,SINGLE_UNIT,20.0,Silverlines Carpet Shampoo,SILVERLINES CARPET SHAMPOO - NPD,,1,NPD
MDRNAN005VSCC064,VOOKI SILVERLINES CARPET SHAMPOO 5LITERS,VOOKI SILVERLINES CARPET SHAMPOO 5LITERS,EA,5000.0,1,SINGLE_UNIT,,Silverlines Carpet Shampoo,SILVERLINES CARPET SHAMPOO - NPD,,2,NPD
MVMPCBTHD0005064,VOOKI SILVERLINES CARPET SHAMPOO 5LITERS,VOOKI SILVERLINES CARPET SHAMPOO 5LITERS,EA,5000.0,1,SINGLE_UNIT,,Silverlines Carpet Shampoo,VOOKI SILVERLINES CARPET SHAMPOO,,2,NPD
MVMPCBTHD0100101,VOOKI SILVERLINES CARPET SPOTTING 100ML,VOOKI SILVERLINES CARPET SPOTTING 100ML,EA,100.0,1,SINGLE_UNIT,20.0,Silverlines Carpet Spotting,SILVERLINES CARPET SPOTTING - NPD,,1,NPD
MVMPCBTHDD250068,VOOKI SILVERLINES CARPET SPOTTING 250ML,VOOKI SILVERLINES CARPET SPOTTING 250ML,EA,250.0,1,SINGLE_UNIT,20.0,Silverlines Carpet Spotting,SILVERLINES CARPET SPOTTING - NPD,,1,NPD
MVMPCBTHD0005067,VOOKI SILVERLINES CARPET SPOTTING 5LITERS,VOOKI SILVERLINES CARPET SPOTTING 5LITERS,EA,5000.0,1,SINGLE_UNIT,,Silverlines Carpet Spotting,SILVERLINES CARPET SPOTTING - NPD,Silverlines Carpet Spot Cleaner,2,NPD
MVMPCBTHD0100092,VOOKI SILVERLINES DEGREASER 100ML,VOOKI SILVERLINES DEGREASER 100ML,EA,100.0,1,SINGLE_UNIT,20.0,Silverlines Degreaser,SILVERLINES DEGREASER - NPD,,1,NPD
MVMPCBTHD0005049,VOOKI SILVERLINES DEGREASER 5LITERS,VOOKI SILVERLINES DEGREASER 5LITERS,EA,5000.0,1,SINGLE_UNIT,,Silverlines Degreaser,SILVERLINES DEGREASER - NPD,,1,NPD
MVMPCBTHD0100091,VOOKI SILVERLINES DESCALER 100ML,VOOKI SILVERLINES DESCALER 100ML,EA,100.0,1,SINGLE_UNIT,20.0,Silverlines Descaler,SILVERLINES DESCALER - NPD,,1,NPD
MVMPCBTHDD250047,VOOKI SILVERLINES DESCALER 250ML,VOOKI SILVERLINES DESCALER 250ML,EA,250.0,1,SINGLE_UNIT,20.0,Silverlines Descaler,SILVERLINES DESCALER - NPD,,1,NPD
MDRNAN005VSSR046,VOOKI SILVERLINES DESCALER 5LITERS,VOOKI SILVERLINES DESCALER 5LITERS,EA,5000.0,1,SINGLE_UNIT,,Silverlines Descaler,SILVERLINES DESCALER - NPD,,1,NPD
MVMPCBTHD0100104,VOOKI SILVERLINES LIQUID DETERGENT 100ML,VOOKI SILVERLINES LIQUID DETERGENT 100ML,EA,100.0,1,SINGLE_UNIT,20.0,Silverlines Detergent Liquid,SILVERLINES DETERGENT LIQUID - NPD,,1,NPD
MVMPCBTHD0005162,VOOKI SILVERLINES LIQUID DETERGENT 5LITERS,VOOKI SILVERLINES LIQUID DETERGENT 5LITERS,EA,5000.0,1,SINGLE_UNIT,,Silverlines Detergent Liquid,SILVERLINES DETERGENT LIQUID - NPD,Fabric Detergent Liquid,2,NPD
MVMPCBTHD0100102,VOOKI SILVERLINES DISH WASH LIQUID 100ML,VOOKI SILVERLINES DISH WASH LIQUID 100ML,EA,100.0,1,SINGLE_UNIT,20.0,Silverlines Dish Wash Liquid,SILVERLINES DISH WASH LIQUID - NPD,,1,NPD
MVMPCBTHDD250174,VOOKI SILVERLINES DISH WASH LIQUID 250ML,VOOKI SILVERLINES DISH WASH LIQUID 250ML,EA,250.0,1,SINGLE_UNIT,20.0,Silverlines Dish Wash Liquid,SILVERLINES DISH WASH LIQUID - NPD,,1,NPD
SVMPCDWLBTHD0127,VOOKI SILVERLINES DISH WASH LIQUID-SAMPLE,VOOKI SILVERLINES DISH WASH LIQUID-SAMPLE,EA,,1,SINGLE_UNIT,,Silverlines Dish Wash Liquid,SILVERLINES DISH WASH LIQUID - NPD,,1,NPD
MVMPCBTHD0100088,VOOKI SILVERLINES FLOOR CLEANER 100ML,VOOKI SILVERLINES FLOOR CLEANER 100ML,EA,100.0,1,SINGLE_UNIT,20.0,Silverlines Floor Cleaner,SILVERLINES FLOOR CLEANER - NPD,,1,NPD
MVMPCBTHDD250044,VOOKI SILVERLINES FLOOR CLEANER 250ML,VOOKI SILVERLINES FLOOR CLEANER 250ML,EA,250.0,1,SINGLE_UNIT,20.0,Silverlines Floor Cleaner,SILVERLINES FLOOR CLEANER - NPD,,1,NPD
MVMPCBTHD0005169,VOOKI SILVERLINES FLOOR CLEANER 5LITERS,VOOKI SILVERLINES FLOOR CLEANER 5LITERS,EA,5000.0,1,SINGLE_UNIT,,Silverlines Floor Cleaner,SILVERLINES FLOOR CLEANER - NPD,,2,NPD
MVMPCBTHD0005198,VOOKI SILVERLINES MULTISTRONG 5 LITERS,VOOKI SILVERLINES MULTISTRONG 5 LITERS,EA,5000.0,1,SINGLE_UNIT,,Silverlines Floor Cleaner,SILVERLINES FLOOR CLEANER - NPD,,1,NPD
MVMPCBTHDD100210,VOOKI SILVERLINES MULTISTRONG+ 100ML,VOOKI SILVERLINES MULTISTRONG+ 100ML,EA,100.0,1,SINGLE_UNIT,20.0,Silverlines Floor Cleaner,SILVERLINES FLOOR CLEANER - NPD,,1,NPD
MVMPCBTHD0005215,VOOKI SILVERLINES MULTISTRONG+ 5 LITERS,VOOKI SILVERLINES MULTISTRONG+ 5 LITERS,EA,5000.0,1,SINGLE_UNIT,,Silverlines Floor Cleaner,SILVERLINES FLOOR CLEANER - NPD,,1,NPD
MVMPCBULK0000182,VOOKI SILVERLINES GLASS CLEANER,VOOKI SILVERLINES GLASS CLEANER,L,,1,BULK,,Silverlines Glass Cleaner,SILVERLINES GLASS CLEANER - NPD,,1,NPD
MVMPCBTHDD100182,VOOKI SILVERLINES GLASS CLEANER 100ML,VOOKI SILVERLINES GLASS CLEANER 100ML,EA,100.0,1,SINGLE_UNIT,20.0,Silverlines Glass Cleaner,SILVERLINES GLASS CLEANER - NPD,,1,NPD
MVMPCBTHDD250079,VOOKI SILVERLINES GLASS CLEANER 250 ML,VOOKI SILVERLINES GLASS CLEANER 250 ML,EA,250.0,1,SINGLE_UNIT,20.0,Silverlines Glass Cleaner,SILVERLINES GLASS CLEANER - NPD,,1,NPD
MVMPCBTHD0005187,VOOKI SILVERLINES GLASS CLEANER 5LITERS,VOOKI SILVERLINES GLASS CLEANER 5LITERS,EA,5000.0,1,SINGLE_UNIT,,Silverlines Glass Cleaner,SILVERLINES GLASS CLEANER - NPD,Disinfectant,2,NPD
MVMPCBTHD0100094,VOOKI SILVERLINES LIQUID SOAP 100ML,VOOKI SILVERLINES LIQUID SOAP 100ML,EA,100.0,1,SINGLE_UNIT,20.0,Silverlines Liquid Soap,SILVERLINES LIQUID SOAP - NPD,,1,NPD
MVMPCBTHD0005170,VOOKI SILVERLINES LIQUID SOAP 5LITERS,VOOKI SILVERLINES LIQUID SOAP 5LITERS,EA,5000.0,1,SINGLE_UNIT,,Silverlines Liquid Soap,VOOKI SILVERLINES LIQUID SOAP - NPD,,2,NPD
MVMPCBTHD0005195,VOOKI SILVERLINES MARBLE CRYSTALIZER LIQUID 5 LITERS,VOOKI SILVERLINES MARBLE CRYSTALIZER LIQUID 5 LITERS,EA,5000.0,1,SINGLE_UNIT,,Silverlines Marble Crystalizer Liquid,SILVERLINES MARBLE CRYSTALIZER LIQUID - NPD,,1,NPD
MVMPCBTHD0005194,VOOKI SILVERLINES MARBLE CRYSTALIZER POWDER 5 LITERS,VOOKI SILVERLINES MARBLE CRYSTALIZER POWDER 5 LITERS,EA,5000.0,1,SINGLE_UNIT,,Silverlines Marble Crystalizer Powder,SILVERLINES MARBLE CRYSTALIZER POWDER - NPD,,1,NPD
MVMPCBTHDD100190,VOOKI SILVERLINES SCENTED FLOOR CLEANER COMPOUND 100 ML,VOOKI SILVERLINES SCENTED FLOOR CLEANER COMPOUND 100 ML,EA,100.0,1,SINGLE_UNIT,20.0,Silverlines Phenyl Compound,SILVERLINES PHENYL COMPOUND - NPD,,1,NPD
MVMPCBTHD0025190,VOOKI SILVERLINES SCENTED FLOOR CLEANER COMPOUND 25 LITERS,VOOKI SILVERLINES SCENTED FLOOR CLEANER COMPOUND 25 LITERS,EA,25000.0,1,SINGLE_UNIT,,Silverlines Phenyl Compound,SILVERLINES PHENYL COMPOUND - NPD,,1,NPD
MVMPCBTHDD250209,VOOKI SILVERLINES ROOM FRESHENER ALPINE FRESH 250 ML,VOOKI SILVERLINES ROOM FRESHENER ALPINE FRESH 250 ML,EA,250.0,1,SINGLE_UNIT,20.0,Silverlines Room Freshener,SILVERLINES ROOM FRESHENER - NPD,,1,NPD
MVMPCBTHD0005216,VOOKI SILVERLINES ROOM FRESHENER ALPINE FRESH 5 LITERS,VOOKI SILVERLINES ROOM FRESHENER ALPINE FRESH 5 LITERS,EA,5000.0,1,SINGLE_UNIT,,Silverlines Room Freshener,SILVERLINES ROOM FRESHENER - NPD,,1,NPD
SVMPCRFABTHD0127,VOOKI SILVERLINES ROOM FRESHENER ALPINE FRESH-SAMPLE,VOOKI SILVERLINES ROOM FRESHENER ALPINE FRESH-SAMPLE,EA,,1,SINGLE_UNIT,,Silverlines Room Freshener,SILVERLINES ROOM FRESHENER - NPD,,1,NPD
MVMPCBULKD250056,VOOKI SILVERLINES ROOM FRESHENER CANDY CRUSH,VOOKI SILVERLINES ROOM FRESHENER CANDY CRUSH,L,,1,BULK,,Silverlines Room Freshener,SILVERLINES ROOM FRESHENER - NPD,,1,NPD
MVMPCBTHD0100097,VOOKI SILVERLINES ROOM FRESHENER CANDY CRUSH 100ML,VOOKI SILVERLINES ROOM FRESHENER CANDY CRUSH 100ML,EA,100.0,1,SINGLE_UNIT,20.0,Silverlines Room Freshener,SILVERLINES ROOM FRESHENER - NPD,,1,NPD
MDRNAN005VORF035,VOOKI SILVERLINES ROOM FRESHENER CANDY CRUSH 250 ML,VOOKI SILVERLINES ROOM FRESHENER CANDY CRUSH 250 ML,EA,250.0,1,SINGLE_UNIT,20.0,Silverlines Room Freshener,SILVERLINES ROOM FRESHENER - NPD,,1,NPD
MDRNAN005VORF031,VOOKI SILVERLINES ROOM FRESHENER CANDY CRUSH 5 LITERS,VOOKI SILVERLINES ROOM FRESHENER CANDY CRUSH 5 LITERS,EA,5000.0,1,SINGLE_UNIT,,Silverlines Room Freshener,SILVERLINES ROOM FRESHENER - NPD,Room Freshener,2,NPD
MVMPCBULK0000206,VOOKI SILVERLINES ROOM FRESHENER ENGLISH LAVENDER,VOOKI SILVERLINES ROOM FRESHENER ENGLISH LAVENDER,L,,1,BULK,,Silverlines Room Freshener,SILVERLINES ROOM FRESHENER - NPD,,1,NPD
MVMPCBTHD0100106,VOOKI SILVERLINES ROOM FRESHENER ENGLISH LAVENDER 100ML,VOOKI SILVERLINES ROOM FRESHENER ENGLISH LAVENDER 100ML,EA,100.0,1,SINGLE_UNIT,20.0,Silverlines Room Freshener,SILVERLINES ROOM FRESHENER - NPD,,1,NPD
MVMPCBTHDD250086,VOOKI SILVERLINES ROOM FRESHENER ENGLISH LAVENDER 250ML,VOOKI SILVERLINES ROOM FRESHENER ENGLISH LAVENDER 250ML,EA,250.0,1,SINGLE_UNIT,20.0,Silverlines Room Freshener,SILVERLINES ROOM FRESHENER - NPD,,1,NPD
MVMPCBTHD0005214,VOOKI SILVERLINES ROOM FRESHENER ENGLISH LAVENDER 5 LITERS,VOOKI SILVERLINES ROOM FRESHENER ENGLISH LAVENDER 5 LITERS,EA,5000.0,1,SINGLE_UNIT,,Silverlines Room Freshener,SILVERLINES ROOM FRESHENER - NPD,,1,NPD
SVMPCRFLBTHD0127,VOOKI SILVERLINES ROOM FRESHENER LEMO RUSH - SAMPLE,VOOKI SILVERLINES ROOM FRESHENER LEMO RUSH - SAMPLE,EA,,1,SINGLE_UNIT,,Silverlines Room Freshener,SILVERLINES ROOM FRESHENER - NPD,,1,NPD
MVMPCBTHD0100098,VOOKI SILVERLINES ROOM FRESHENER LEMO RUSH 100ML,VOOKI SILVERLINES ROOM FRESHENER LEMO RUSH 100ML,EA,100.0,1,SINGLE_UNIT,20.0,Silverlines Room Freshener,SILVERLINES ROOM FRESHENER - NPD,,1,NPD
MVMPCBTHDD250059,VOOKI SILVERLINES ROOM FRESHENER LEMO RUSH 250ML,VOOKI SILVERLINES ROOM FRESHENER LEMO RUSH 250ML,EA,250.0,1,SINGLE_UNIT,20.0,Silverlines Room Freshener,SILVERLINES ROOM FRESHENER - NPD,,1,NPD
MVMPCBTHD0005168,VOOKI SILVERLINES ROOM FRESHENER LEMO RUSH 5LITERS,VOOKI SILVERLINES ROOM FRESHENER LEMO RUSH 5LITERS,EA,5000.0,1,SINGLE_UNIT,,Silverlines Room Freshener,SILVERLINES ROOM FRESHENER - NPD,Room Freshener Lime,2,NPD
MVMPCBTHD0005046,VOOKI SILVERLINES DESCALER 5LITERS,VOOKI SILVERLINES DESCALER 5LITERS,EA,5000.0,1,SINGLE_UNIT,,Silverlines Scale Remover,VOOKI SILVERLINES SCALE REMOVER,,1,NPD
MVMPCBTHD0050115,VOOKI SILVERLINES SOAP OIL 50LITERS,VOOKI SILVERLINES SOAP OIL 50LITERS,EA,50000.0,1,SINGLE_UNIT,,Silverlines Soap Oil,SILVERLINES SOAP OIL - NPD,,1,NPD
MVMPCBTHDD100191,VOOKI SILVERLINES SOAP OIL COMPOUND 100 ML,VOOKI SILVERLINES SOAP OIL COMPOUND 100 ML,EA,100.0,1,SINGLE_UNIT,20.0,Silverlines Soap Oil Compound,SILVERLINES SOAP OIL COMPOUND - NPD,,1,NPD
MVMPCBTHD0200191,VOOKI SILVERLINES SOAP OIL COMPOUND 200 LITERS,VOOKI SILVERLINES SOAP OIL COMPOUND 200 LITERS,EA,200000.0,1,SINGLE_UNIT,,Silverlines Soap Oil Compound,SILVERLINES SOAP OIL COMPOUND - NPD,,1,NPD
MVMPCBTHD0025191,VOOKI SILVERLINES SOAP OIL COMPOUND 25 LITERS,VOOKI SILVERLINES SOAP OIL COMPOUND 25 LITERS,EA,25000.0,1,SINGLE_UNIT,,Silverlines Soap Oil Compound,SILVERLINES SOAP OIL COMPOUND - NPD,,1,NPD
MVMPCBTHD0050191,VOOKI SILVERLINES SOAP OIL COMPOUND 50 LITERS,VOOKI SILVERLINES SOAP OIL COMPOUND 50 LITERS,EA,50000.0,1,SINGLE_UNIT,,Silverlines Soap Oil Compound,SILVERLINES SOAP OIL COMPOUND - NPD,,1,NPD
MVMPCBTHDD100193,VOOKI SILVERLINES STAINLESS STEEL SHINE 100ML,VOOKI SILVERLINES STAINLESS STEEL SHINE 100ML,EA,100.0,1,SINGLE_UNIT,20.0,Silverlines Stainless Steel Shine,SILVERLINES STAINLESS STEEL SHINE - NPD,,1,NPD
MVMPCBTHD0005192,VOOKI SILVERLINES STAINLESS STEEL SHINE 5 LITERS,VOOKI SILVERLINES STAINLESS STEEL SHINE 5 LITERS,EA,5000.0,1,SINGLE_UNIT,,Silverlines Stainless Steel Shine,SILVERLINES STAINLESS STEEL SHINE - NPD,,1,NPD
MVMPCBTHD0100090,VOOKI SILVERLINES TOILET CLEANER 100ML,VOOKI SILVERLINES TOILET CLEANER 100ML,EA,100.0,1,SINGLE_UNIT,20.0,Silverlines Toilet Cleaner,SILVERLINES TOILET CLEANER - NPD,,1,NPD
MVMPCBTHDD250056,VOOKI SILVERLINES TOILET CLEANER 250ML,VOOKI SILVERLINES TOILET CLEANER 250ML,EA,250.0,1,SINGLE_UNIT,20.0,Silverlines Toilet Cleaner,SILVERLINES TOILET CLEANER - NPD,,1,NPD
MVMPCBTHD0005171,VOOKI SILVERLINES TOILET CLEANER 5LITERS,VOOKI SILVERLINES TOILET CLEANER 5LITERS,EA,5000.0,1,SINGLE_UNIT,,Silverlines Toilet Cleaner,VOOKI SILVERLINES TOILET CLEANER,,2,NPD
MVMPCBTHD0100093,VOOKI SILVERLINES SCENTED FLOOR CLEANER 100 ML,VOOKI SILVERLINES SCENTED FLOOR CLEANER 100 ML,EA,100.0,1,SINGLE_UNIT,20.0,Silverlines White Phenyl,SILVERLINES WHITE PHENYL - NPD,,1,NPD
MVMPCBTHD0005172,VOOKI SILVERLINES SCENTED FLOOR CLEANER 5 LITERS,VOOKI SILVERLINES SCENTED FLOOR CLEANER 5 LITERS,EA,5000.0,1,SINGLE_UNIT,,Silverlines White Phenyl,SILVERLINES WHITE PHENYL - NPD,,1,NPD
MVMPCBTHDD100194,VOOKI SILVERLINES WOOD SHINE 100 ML,VOOKI SILVERLINES WOOD SHINE 100 ML,EA,100.0,1,SINGLE_UNIT,20.0,Silverlines Wood Shine,SILVERLINES WOOD SHINE - NPD,,1,NPD
MVMPCBTHD0005193,VOOKI SILVERLINES WOOD SHINE 5 LITERS,VOOKI SILVERLINES WOOD SHINE 5 LITERS,EA,5000.0,1,SINGLE_UNIT,,Silverlines Wood Shine,SILVERLINES WOOD SHINE - NPD,,1,NPD
MVMPCBTHD0005073,VOOKI SILVERLINES FABRIC STAIN REMOVER 5LITERS,VOOKI SILVERLINES FABRIC STAIN REMOVER 5LITERS,EA,5000.0,1,SINGLE_UNIT,,Sliverlines Fabric Stain Remover,VOOKI SLIVERLINES FABRIC STAIN REMOVER,,1,NPD
MVMPCBULKD250113,VOOKI SILVERLINES SOAP OIL,VOOKI SILVERLINES SOAP OIL,L,,1,BULK,,Surface Cleaner,SURFACE CLEANER - NPD,,1,NPD
MVMPCBULK0000204,VOOKI HEAVY DUTY TOILET BOWL CLEANER,VOOKI HEAVY DUTY TOILET BOWL CLEANER,L,,1,BULK,,Toilet Bowl Cleaner,TOILET BOWL CLEANER - NPD,,1,NPD
MVMPCCB20D500210,VOOKI HEAVY DUTY TOILET BOWL CLEANER 20 X 500 ML,VOOKI HEAVY DUTY TOILET BOWL CLEANER 20 X 500 ML,BOX,500.0,20,CASE,20.0,Toilet Bowl Cleaner,TOILET BOWL CLEANER - NPD,,1,NPD
MVMPCHDBR0200205,VOOKI HEAVY DUTY TOILET BOWL CLEANER 200 LITERS,VOOKI HEAVY DUTY TOILET BOWL CLEANER 200 LITERS,EA,200000.0,1,SINGLE_UNIT,,Toilet Bowl Cleaner,TOILET BOWL CLEANER - NPD,,1,NPD
MVMPCBTHDD500207,VOOKI HEAVY DUTY TOILET BOWL CLEANER 500 ML,VOOKI HEAVY DUTY TOILET BOWL CLEANER 500 ML,EA,500.0,1,SINGLE_UNIT,20.0,Toilet Bowl Cleaner,TOILET BOWL CLEANER - NPD,,1,NPD
MVMPCBTHD0100089,VOOKI TOILET BOWL CLEANER 100ML,VOOKI TOILET BOWL CLEANER 100ML,EA,100.0,1,SINGLE_UNIT,20.0,Toilet Bowl Cleaner,TOILET BOWL CLEANER - NPD,,1,NPD
MVMPCCB20D500013,VOOKI TOILET BOWL CLEANER 20 X 500ML,VOOKI TOILET BOWL CLEANER 20 X 500ML,BOX,500.0,20,CASE,20.0,Toilet Bowl Cleaner,VOOKI TOILET BOWL CLEANER - NPD,,2,NPD
MVMPCBTHDD250016,VOOKI TOILET BOWL CLEANER 250ML,VOOKI TOILET BOWL CLEANER 250ML,EA,250.0,1,SINGLE_UNIT,20.0,Toilet Bowl Cleaner,TOILET BOWL CLEANER - NPD,,1,NPD
MVMPCBTHDD500016,VOOKI TOILET BOWL CLEANER 500ML,VOOKI TOILET BOWL CLEANER 500ML,EA,500.0,1,SINGLE_UNIT,20.0,Toilet Bowl Cleaner,TOILET BOWL CLEANER - NPD,,2,NPD
MVMPCBTHD0005173,VOOKI TOILET BOWL CLEANER 5LITERS,VOOKI TOILET BOWL CLEANER 5LITERS,EA,5000.0,1,SINGLE_UNIT,,Toilet Bowl Cleaner,TOILET BOWL CLEANER - NPD,,2,NPD
MVMPCBULKD250065,VOOKI TOUGH LIME SCALE SPRAY + SCRUB,VOOKI TOUGH LIME SCALE SPRAY + SCRUB,L,,1,BULK,,Tough Lime Scale Spray + Scrub,VOOKI TOUGH LIME SCALE SPRAY + SCRUB - NPD,,1,NPD
MVMPCCB20D500014,VOOKI TOUGH LIME SCALE SPRAY + SCRUB 20 X 500ML,VOOKI TOUGH LIME SCALE SPRAY + SCRUB 20 X 500ML,BOX,500.0,20,CASE,20.0,Tough Lime Scale Spray + Scrub,VOOKI TOUGH LIME SCALE SPRAY + SCRUB - NPD,,1,NPD
MVMPCBTHDD250084,VOOKI TOUGH LIME SCALE SPRAY + SCRUB 250 ML,VOOKI TOUGH LIME SCALE SPRAY + SCRUB 250 ML,EA,250.0,1,SINGLE_UNIT,20.0,Tough Lime Scale Spray + Scrub,VOOKI TOUGH LIME SCALE SPRAY + SCRUB - NPD,,1,NPD
MVMPCBTHDD500186,VOOKI TOUGH LIME SCALE SPRAY + SCRUB 500ML,VOOKI TOUGH LIME SCALE SPRAY + SCRUB 500ML,EA,500.0,1,SINGLE_UNIT,20.0,Tough Lime Scale Spray + Scrub,VOOKI TOUGH LIME SCALE SPRAY + SCRUB - NPD,,1,NPD
MVMPCBTHD0005196,VOOKI TOUGH LIME SCALE SPRAY + SCRUB 5LITERS,VOOKI TOUGH LIME SCALE SPRAY + SCRUB 5LITERS,EA,5000.0,1,SINGLE_UNIT,,Tough Lime Scale Spray + Scrub,VOOKI TOUGH LIME SCALE SPRAY + SCRUB - NPD,,1,NPD
MVMPCCP02D500005,BOGO OFFER | ACTIVE GERM SHIELD 500ML + HAND SANITIZER 60ML - DEFAULT TITLE,BOGO OFFER | ACTIVE GERM SHIELD 500ML + HAND SANITIZER 60ML - DEFAULT TITLE,BOX,500.0,1,SINGLE_UNIT,20.0,Uniware Compo,Vooki Uniware  Compo,,1,NPD
MVMPCCP03D500016,COMBO OF 2 PACK HARD STAINS SPRAY+WIPE & 1 PACK DISINFECTANT CLEANER,Combo of 2 pack HARD STAINS SPRAY+WIPE & 1 pack DISINFECTANT CLEANER,BOX,,1,SINGLE_UNIT,,Uniware Compo,Vooki Uniware  Compo,,1,NPD
MVMPCCP02D500006,COMBO | HARD STAINS SPRAY+WIPE & ACTIVE GERM SHIELD PACK OF 2,COMBO | HARD STAINS SPRAY+WIPE & ACTIVE GERM SHIELD PACK OF 2,BOX,,2,COMBO_DIFFERENT_ITEMS,,Uniware Compo,Vooki Uniware  Compo,,1,NPD
MVMPCCP03D500038,"COMBO | NATURE POWERED DISHWASH, FLOOR + SURFACE CLEANER AND GLASS CLEANER PACK OF 3","COMBO | NATURE POWERED DISHWASH, FLOOR + SURFACE CLEANER AND GLASS CLEANER PACK OF 3",BOX,,3,COMBO_DIFFERENT_ITEMS,,Uniware Compo,Vooki Uniware  Compo,,1,NPD
MVMPCCP02D500022,COMBO| VOOKI NATURE POWERED DISH WASH AND TOUGH LIMESCALE - SPRAY AND SCRUB,COMBO| VOOKI NATURE POWERED DISH WASH AND TOUGH LIMESCALE - SPRAY AND SCRUB,BOX,,1,SINGLE_UNIT,,Uniware Compo,Vooki Uniware  Compo,,1,NPD
MVMPCCP02D500001,ELECTRONIC COMPONENTS CLEANER 500ML [PACK OF 2],ELECTRONIC COMPONENTS CLEANER 500ML [PACK OF 2],BOX,500.0,2,MULTIPACK_SAME_ITEM,20.0,Uniware Compo,Vooki Uniware  Compo,,1,NPD
MVMPCCP03D500011,FLOOR + SURFACE CLEANER 500ML [PACK OF 3] |,FLOOR + SURFACE CLEANER 500ml [Pack of 3] |,BOX,500.0,3,MULTIPACK_SAME_ITEM,20.0,Uniware Compo,Vooki Uniware  Compo,,1,NPD
MVMPCCP02D500021,HARD STAIN SPRAY+ WIPE AND TOUGH LIME SCALE SPRAY + SCRUB ( COMPO PACK 2 X 500ML ),HARD STAIN SPRAY+ WIPE AND TOUGH LIME SCALE SPRAY + SCRUB ( COMPO PACK 2 X 500ML ),BOX,500.0,2,COMBO_DIFFERENT_ITEMS,20.0,Uniware Compo,Vooki Uniware  Compo,,1,NPD
MVMPCCP03D500009,"HARD STAINS , FLOOR & SURFACE CLEANER, TOILET BOWL CLEANER PACK OF 3 (500ML EACH)","Hard Stains , Floor & Surface Cleaner, Toilet Bowl Cleaner Pack of 3 (500ml Each)",BOX,500.0,3,COMBO_DIFFERENT_ITEMS,20.0,Uniware Compo,Vooki Uniware  Compo,,1,NPD
MVMPCCP03D500004,HARD STAINS SPRAY + WIPE | ADVANCED P3 FORMULA- PACK OF 3 - DEFAULT TITLE,HARD STAINS SPRAY + WIPE | ADVANCED P3 FORMULA- PACK OF 3 - DEFAULT TITLE,BOX,,3,MULTIPACK_SAME_ITEM,,Uniware Compo,Vooki Uniware  Compo,,1,NPD
MVMPCCP02D500010,HARD STAINS SPRAY+WIPE & DISINFECTANT CLEANER PACK OF 2,HARD STAINS SPRAY+WIPE & DISINFECTANT CLEANER  Pack of 2,BOX,,2,COMBO_DIFFERENT_ITEMS,,Uniware Compo,Vooki Uniware  Compo,,1,NPD
MVMPCCP02D500014,HARD STAINS SPRAY+WIPE & FLOOR + SURFACE CLEANER - DEFAULT TITLE PACK OF 2,HARD STAINS SPRAY+WIPE & FLOOR + SURFACE CLEANER - Default Title Pack of 2,BOX,,2,COMBO_DIFFERENT_ITEMS,,Uniware Compo,Vooki Uniware  Compo,,1,NPD
MVMPCCP02D500012,HARD STAINS SPRAY+WIPE & GLASS+SMOOTH SURFACE CLEANER PACK OF 2,HARD STAINS SPRAY+WIPE & GLASS+smooth SURFACE CLEANER Pack of 2,BOX,,2,COMBO_DIFFERENT_ITEMS,,Uniware Compo,Vooki Uniware  Compo,,1,NPD
MVMPCCP02D500013,HARD STAINS SPRAY+WIPE & TOILET BOWL CLEANER PACK OF 2,HARD STAINS SPRAY+WIPE & TOILET BOWL CLEANER Pack of 2,BOX,,2,COMBO_DIFFERENT_ITEMS,,Uniware Compo,Vooki Uniware  Compo,,1,NPD
MVMPCCP06D500001,"HARD STAINS SPRAY, LIME SCALE REMOVER SPRAY, TOILET CLEANER LIQUID, DISINFECTANT FLOOR CLEANER, DISH WASH GEL AND GLASS SURFACE CLEANER (COMBO PACK OF 6)","HARD STAINS SPRAY, LIME SCALE REMOVER SPRAY, TOILET CLEANER LIQUID, DISINFECTANT FLOOR CLEANER, DISH WASH GEL AND GLASS SURFACE CLEANER (COMBO PACK OF 6)",BOX,,6,COMBO_DIFFERENT_ITEMS,,Uniware Compo,Vooki Uniware  Compo,,1,NPD
MVMPCCP02D500009,HOLD STAINS & TOILET BOWL CLEANER PACK OF 2,Hold Stains & Toilet Bowl Cleaner Pack of 2,BOX,,2,MULTIPACK_SAME_ITEM,,Uniware Compo,Vooki Uniware  Compo,,1,NPD
MVMPCCP05D500001,HOME HYGIENE COMBO 1 WITH FREE HAND SANITIZER 60 ML(PACK OF 5),HOME HYGIENE COMBO 1 WITH FREE HAND SANITIZER 60 ML(PACK OF 5),BOX,60.0,5,MULTIPACK_SAME_ITEM,20.0,Uniware Compo,Vooki Uniware  Compo,,1,NPD
MVMPCCP03D500021,HOME HYGIENE COMBO 10 [PACK OF 3],HOME HYGIENE COMBO 10 [PACK OF 3],BOX,,3,MULTIPACK_SAME_ITEM,,Uniware Compo,Vooki Uniware  Compo,,1,NPD
MVMPCCP03D500005,HOME HYGIENE COMBO 3 [PACK OF 3] (MULTIPURPOSE DISINFECTANT+TOILET BOWL+GLASS CLEANER),HOME HYGIENE COMBO 3 [PACK OF 3] (MULTIPURPOSE DISINFECTANT+TOILET BOWL+GLASS CLEANER),BOX,,3,COMBO_DIFFERENT_ITEMS,,Uniware Compo,Vooki Uniware  Compo,,1,NPD
MVMPCCP04D500004,HOME HYGIENE COMBO 4 [PACK OF 4],HOME HYGIENE COMBO 4 [PACK OF 4],BOX,,4,MULTIPACK_SAME_ITEM,,Uniware Compo,Vooki Uniware  Compo,,1,NPD
MVMPCCP04D500001,HOME HYGIENE COMBO 5 WITH FREE HAND SANITIZER 60ML (PACK OF 4) HARD STAIN+FLOOR+TOILET+GLASS WITH FR,HOME HYGIENE COMBO 5 WITH FREE HAND SANITIZER 60ML (PACK OF 4) HARD STAIN+FLOOR+TOILET+GLASS WITH FR,BOX,60.0,4,COMBO_DIFFERENT_ITEMS,20.0,Uniware Compo,Vooki Uniware  Compo,,1,NPD
MVMPCCP03D500017,HOME HYGIENE COMBO 6 [PACK OF 3],HOME HYGIENE COMBO 6 [PACK OF 3],BOX,,3,MULTIPACK_SAME_ITEM,,Uniware Compo,Vooki Uniware  Compo,,1,NPD
MVMPCCP04D500002,HOME HYGIENE COMBO 7 [PACK OF 4],HOME HYGIENE COMBO 7 [PACK OF 4],BOX,,4,MULTIPACK_SAME_ITEM,,Uniware Compo,Vooki Uniware  Compo,,1,NPD
MVMPCCP03D500018,HOME HYGIENE COMBO 9 [PACK OF 3],HOME HYGIENE COMBO 9 [PACK OF 3],BOX,,3,MULTIPACK_SAME_ITEM,,Uniware Compo,Vooki Uniware  Compo,,1,NPD
MVMPCCP03D500514,KITCHEN SHINING COMBO PACK - (TOUGH LIME SCALE+HARD STAINS SPRAY+NATURE POWERED DISH WASH) - PACK 3(500ML),KITCHEN SHINING COMBO PACK - (TOUGH LIME SCALE+HARD STAINS SPRAY+NATURE POWERED DISH WASH) - PACK 3(500ML),BOX,500.0,1,SINGLE_UNIT,20.0,Uniware Compo,VOOKI UNIWARE  COMPO,,1,NPD
MVMPCCP02D500029,MULTIPURPOSE FLOOR CLEANER 500ML PACK OF 2,MULTIPURPOSE FLOOR CLEANER 500ML PACK OF 2,BOX,500.0,2,MULTIPACK_SAME_ITEM,20.0,Uniware Compo,Vooki Uniware  Compo,,1,NPD
MVMPCCP02D500019,NATURE POWERED DISH WASH PACK OF 2,NATURE POWERED DISH WASH Pack Of 2,BOX,,2,MULTIPACK_SAME_ITEM,,Uniware Compo,Vooki Uniware  Compo,,1,NPD
MVMPCCP03D500010,TOILET BOWL CLEANER 500ML [PACK OF 3] |,TOILET BOWL CLEANER 500ml [Pack of 3] |,BOX,500.0,3,MULTIPACK_SAME_ITEM,20.0,Uniware Compo,Vooki Uniware  Compo,,1,NPD
MVMPCCP02D500016,TOILET BOWL CLEANER PACK OF 2,Toilet Bowl Cleaner Pack of 2,BOX,,2,MULTIPACK_SAME_ITEM,,Uniware Compo,Vooki Uniware  Compo,,1,NPD
MVMPCCP03D500023,TOILET BOWL+TOUGH LIME SCALE+HARD STAIN PACK OF 3,TOILET BOWL+TOUGH LIME SCALE+HARD STAIN PACK OF 3,BOX,,3,COMBO_DIFFERENT_ITEMS,,Uniware Compo,Vooki Uniware  Compo,,1,NPD
MVMPCCP02D500020,TOUGH LIME SCALE SPRAY + SCRUB 500ML PACK OF 2,TOUGH LIME SCALE SPRAY + SCRUB 500ML Pack of 2,BOX,500.0,2,MULTIPACK_SAME_ITEM,20.0,Uniware Compo,Vooki Uniware  Compo,,1,NPD
MVMPCCP02D801001,VOOKI BIOSENSE LAUNDRY DETERGENT PACK OF 2 X 801ML,VOOKI BIOSENSE LAUNDRY DETERGENT PACK OF 2 X 801ML,BOX,801.0,2,MULTIPACK_SAME_ITEM,20.0,Uniware Compo,Vooki Uniware  Compo,,1,NPD
MVMPCCP20D801001,VOOKI BIOSENSE LAUNDRY DETERGENT PACK OF 20 X 801ML,VOOKI BIOSENSE LAUNDRY DETERGENT PACK OF 20 X 801ML,BOX,801.0,20,CASE,20.0,Uniware Compo,Vooki Uniware  Compo,,1,NPD
MVMPCCP03D801002,VOOKI BIOSENSE LAUNDRY DETERGENT PACK OF 3 X 801ML,VOOKI BIOSENSE LAUNDRY DETERGENT PACK OF 3 X 801ML,BOX,801.0,3,MULTIPACK_SAME_ITEM,20.0,Uniware Compo,Vooki Uniware  Compo,,1,NPD
MVMPCCP05D500011,VOOKI CLEANING ESSENTIALS COMBO(HARD STAINS+TOUGH LIME+HEAVY DUTY+FLOOR+GLASS CLEANER) PACK OF 5,VOOKI CLEANING ESSENTIALS COMBO(HARD STAINS+TOUGH LIME+HEAVY DUTY+FLOOR+GLASS CLEANER) PACK OF 5,BOX,,5,COMBO_DIFFERENT_ITEMS,,Uniware Compo,Vooki Uniware  Compo,,1,NPD
MVMPCCP03D500042,"VOOKI COMBO [HARD STAIN SPRAY + WIPE, HEAVY DUTY TOILET BOWL CLEANER, TOUGH LIMESCALE\DESCALER] WITH MINI DISHWASH LIQUID 250 ML","VOOKI COMBO [HARD STAIN SPRAY + WIPE, HEAVY DUTY TOILET BOWL CLEANER, TOUGH LIMESCALE\DESCALER] WITH MINI DISHWASH LIQUID 250 ML",BOX,250.0,1,SINGLE_UNIT,20.0,Uniware Compo,Vooki Uniware  Compo,,1,NPD
MVMPCCP02D500024,"VOOKI ECOFRIENDLY MULITIPURPOSE DISINFECTANT FLOOR & FLOOR SURFACE CLEANER, GREEN CHEMISTRY 500ML - (COMBO PACK OF 2)","VOOKI ECOFRIENDLY MULITIPURPOSE DISINFECTANT FLOOR &  FLOOR SURFACE CLEANER, GREEN CHEMISTRY 500ML - (COMBO PACK OF 2)",BOX,500.0,2,COMBO_DIFFERENT_ITEMS,20.0,Uniware Compo,Vooki Uniware  Compo,,1,NPD
MVMPCCP02D500025,"VOOKI ECOFRIENDLY TOILET CLEANER LIQUID AND DISINFECTANT FLOOR & SURFACE CLEANER, 500 ML EACH, (COMBO PACK OF 2)","VOOKI ECOFRIENDLY TOILET CLEANER LIQUID AND DISINFECTANT FLOOR & SURFACE CLEANER, 500 ML EACH, (COMBO PACK OF 2)",BOX,500.0,2,COMBO_DIFFERENT_ITEMS,20.0,Uniware Compo,Vooki Uniware  Compo,,1,NPD
MVMPCCP03D500035,VOOKI ECOFRIENDLY TOUGH LIME SCALE SPRAY + SCRUB 500ML (PACK OF 3),VOOKI ECOFRIENDLY TOUGH LIME SCALE SPRAY + SCRUB 500ML (PACK OF 3),BOX,500.0,3,MULTIPACK_SAME_ITEM,20.0,Uniware Compo,Vooki Uniware  Compo,,1,NPD
MVMPCCP05D500008,VOOKI ECOFRIENDLY TOUGH LIME SCALE SPRAY + SCRUB 500ML (PACK OF 5),VOOKI ECOFRIENDLY TOUGH LIME SCALE SPRAY + SCRUB 500ML (PACK OF 5),BOX,500.0,5,MULTIPACK_SAME_ITEM,20.0,Uniware Compo,Vooki Uniware  Compo,,1,NPD
MVMPCCP03D500039,VOOKI FESTIVE COMBO (VOOKI HEAVY DUTY TOILET BOWL CLEANER PACK OF 2 & DISH WASH 1) PACK OF 3,VOOKI FESTIVE COMBO (VOOKI HEAVY DUTY TOILET BOWL CLEANER PACK OF 2 & DISH WASH 1) PACK OF 3,BOX,,2,COMBO_DIFFERENT_ITEMS,,Uniware Compo,Vooki Uniware  Compo,,1,NPD
MVMPCCP02D500028,VOOKI FLOOR AND DISHWAWH CLEANER PACK OF 2,VOOKI FLOOR AND DISHWAWH CLEANER PACK OF 2,BOX,,2,MULTIPACK_SAME_ITEM,,Uniware Compo,Vooki Uniware  Compo,,1,NPD
MVMPCCP20D500515,VOOKI FLOOR&SURFACE CLEANER 20X500ML,VOOKI FLOOR&SURFACE CLEANER 20X500ML,BOX,500.0,20,CASE,20.0,Uniware Compo,VOOKI UNIWARE  COMPO,,1,NPD
MVMPCHDBRD250517,VOOKI FLOOR&SURFACE CLEANER 250ML,VOOKI FLOOR&SURFACE CLEANER 250ML,BOX,250.0,1,SINGLE_UNIT,20.0,Uniware Compo,VOOKI UNIWARE  COMPO,,1,NPD
MVMPCHDCN0005551,VOOKI FLOOR&SURFACE CLEANER 5L,VOOKI FLOOR&SURFACE CLEANER 5L,BOX,5000.0,1,SINGLE_UNIT,,Uniware Compo,VOOKI UNIWARE  COMPO,,1,NPD
MVMPCCP02D500046,VOOKI FLOOR+SURFACE CLEANER AND TOUGH LIME SCALE SPRAY + SCRUB ( COMBO PACK 2 X 500ML ),VOOKI FLOOR+SURFACE CLEANER AND TOUGH LIME SCALE SPRAY + SCRUB ( COMBO PACK 2 X 500ML ),BOX,500.0,2,COMBO_DIFFERENT_ITEMS,20.0,Uniware Compo,Vooki Uniware  Compo,,1,NPD
MVMPCCP02D500048,VOOKI FLOOR+SURFACE CLEANER AND VOOKI GLASS+SMOOTH SURFACE CLEANER ( COMPO PACK 2 X 500ML ),VOOKI FLOOR+SURFACE CLEANER AND VOOKI GLASS+SMOOTH SURFACE CLEANER ( COMPO PACK 2 X 500ML ),BOX,500.0,2,COMBO_DIFFERENT_ITEMS,20.0,Uniware Compo,Vooki Uniware Compo,,1,NPD
MVMPCCP03D500026,"VOOKI GLASS CLEANER, FLOOR CLEANER,TOILET BOWL CLEANER PACK OF 3","VOOKI GLASS CLEANER, FLOOR CLEANER,TOILET BOWL CLEANER PACK OF 3",BOX,,3,COMBO_DIFFERENT_ITEMS,,Uniware Compo,Vooki Uniware  Compo,,1,NPD
MVMPCCP05D500005,VOOKI GLASS+FLOOR+HARDSTAIN+LIMESCALE+DISHWASH PACK OF 5,VOOKI GLASS+FLOOR+HARDSTAIN+LIMESCALE+DISHWASH PACK OF 5,BOX,,5,COMBO_DIFFERENT_ITEMS,,Uniware Compo,Vooki Uniware  Compo,,1,NPD
MVMPCCP02D500045,VOOKI HEAVY DUTY TOILET BOWL CLEANER + FLOOR CLEANER (500ML) PACK OF 2,VOOKI HEAVY DUTY TOILET BOWL CLEANER + FLOOR CLEANER (500ML) PACK OF 2,BOX,500.0,2,COMBO_DIFFERENT_ITEMS,20.0,Uniware Compo,Vooki Uniware  Compo,,1,NPD
MVMPCCP02D500042,VOOKI HEAVY DUTY TOILET BOWL CLEANER +HARD STAIN SPARY (500ML) PACK OF 2,VOOKI HEAVY DUTY TOILET BOWL CLEANER +HARD STAIN SPARY (500ML) PACK OF 2,BOX,500.0,2,COMBO_DIFFERENT_ITEMS,20.0,Uniware Compo,Vooki Uniware  Compo,,1,NPD
MVMPCCP02D500043,VOOKI HEAVY DUTY TOILET BOWL CLEANER +TOUGH LIME SCALE SPARY (500ML) PACK OF 2,VOOKI HEAVY DUTY TOILET BOWL CLEANER +TOUGH LIME SCALE SPARY (500ML) PACK OF 2,BOX,500.0,2,COMBO_DIFFERENT_ITEMS,20.0,Uniware Compo,Vooki Uniware  Compo,,1,NPD
MVMPCCP02D500041,VOOKI HEAVY DUTY TOILET BOWL CLEANER 500ML PACK OF 2,VOOKI HEAVY DUTY TOILET BOWL CLEANER 500ML PACK OF 2,BOX,500.0,2,MULTIPACK_SAME_ITEM,20.0,Uniware Compo,Vooki Uniware  Compo,,1,NPD
MVMPCCP03D500033,"VOOKI HEAVY DUTY TOILET BOWL CLEANER, TOUGH LIME SCALE-SPRAY, HARD STAINS SPRAY (COMBO 500ML PACK OF 3)","VOOKI HEAVY DUTY TOILET BOWL CLEANER, TOUGH LIME SCALE-SPRAY, HARD STAINS SPRAY (COMBO 500ML PACK OF 3)",BOX,500.0,3,COMBO_DIFFERENT_ITEMS,20.0,Uniware Compo,Vooki Uniware  Compo,,1,NPD
MVMPCCP05D500010,"VOOKI HOME HYGIENE COMBO HARD STAINS, FLOOR CLEANER, HEAVY DUTY TOILET BOWL CLEANER,NATURAL DISH WASH,TOUGH LIME SCALE SPRAY 2500 ML (PACK OF 5)","VOOKI HOME HYGIENE COMBO HARD STAINS, FLOOR CLEANER, HEAVY DUTY TOILET BOWL CLEANER,NATURAL DISH WASH,TOUGH LIME SCALE SPRAY  2500 ML (PACK OF 5)",BOX,2500.0,5,COMBO_DIFFERENT_ITEMS,20.0,Uniware Compo,Vooki Uniware  Compo,,1,NPD
MVMPCHDBTD500511,VOOKI MULTI STRONG BATHROOM FLOOR CLEANER,VOOKI MULTI STRONG BATHROOM FLOOR CLEANER,EA,,1,SINGLE_UNIT,,Uniware Compo,VOOKI UNIWARE  COMPO,,1,NPD
MVMPCHDCB0050515,VOOKI MULTI STRONG BATHROOM FLOOR CLEANER,VOOKI MULTI STRONG BATHROOM FLOOR CLEANER,EA,,1,SINGLE_UNIT,,Uniware Compo,VOOKI UNIWARE  COMPO,,1,NPD
MVMPCBKLK0000553,VOOKI MULTI STRONG BATHROOM FLOOR CLEANER - BULK,VOOKI MULTI STRONG BATHROOM FLOOR CLEANER - BULK,L,,1,BULK,,Uniware Compo,VOOKI UNIWARE  COMPO,,1,NPD
MVMPCCP02D500047,VOOKI NATURE POWERED DISH WASH AND VOOKI GLASS+SMOOTH SURFACE CLEANER ( COMPO PACK 2 X 500ML ),VOOKI NATURE POWERED DISH WASH AND VOOKI GLASS+SMOOTH SURFACE CLEANER ( COMPO PACK 2 X 500ML ),BOX,500.0,2,COMBO_DIFFERENT_ITEMS,20.0,Uniware Compo,Vooki Uniware Compo,,1,NPD
MVMPCCP01D250064,"VOOKI NATURE POWERED DISH WASH GEL, NO PRESERVATIVES, NO SYNTHETIC COLORS - 250 ML (PACK OF 1)","VOOKI NATURE POWERED  DISH WASH GEL, NO PRESERVATIVES, NO SYNTHETIC COLORS - 250 ML (PACK OF 1)",BOX,250.0,1,SINGLE_UNIT,20.0,Uniware Compo,Vooki Uniware  Compo,,1,NPD
MVMPCCP02D500026,"VOOKI NATURE POWERED NATURAL DISH WASH GEL AND ECOFRIENDLY HARD STAINS SPRAY AND WIPE - 500 ML EACH, (COMBO PACK OF 2)","VOOKI NATURE POWERED NATURAL DISH WASH GEL AND ECOFRIENDLY HARD STAINS SPRAY AND WIPE - 500 ML EACH, (COMBO PACK OF 2)",BOX,500.0,2,COMBO_DIFFERENT_ITEMS,20.0,Uniware Compo,Vooki Uniware  Compo,,1,NPD
MVMPCCP02D500027,"VOOKI NATURE POWERED NATURAL DISH WASH GEL AND ECOFRIENDLY TOILET CLEANER LIQUID 100 FLUSH PROTECTION - 500 ML EACH, (COMBO PACK OF 2)","VOOKI NATURE POWERED NATURAL DISH WASH GEL AND ECOFRIENDLY TOILET CLEANER LIQUID 100 FLUSH PROTECTION - 500 ML EACH, (COMBO PACK OF 2)",BOX,500.0,2,COMBO_DIFFERENT_ITEMS,20.0,Uniware Compo,Vooki Uniware  Compo,,1,NPD
MVMPCCP02D250015,VOOKI PACK OF 2 = FLOOR+SURFACE CLEANER | 24 HOURS GERM PROTECTION | SKIN SAFE | ECO FRIEDLY MEDITT,vooki Pack of 2 = Floor+Surface Cleaner | 24 Hours Germ Protection | Skin Safe | Eco Friedly Meditt,BOX,,2,MULTIPACK_SAME_ITEM,,Uniware Compo,Vooki Uniware  Compo,,1,NPD
MVMPCCP02D500054,VOOKI SCALE POWER COMBO (TOUGH LIME + HEAVY DUTY TOILET BOWL) 2 X 500 ML,VOOKI SCALE POWER COMBO (TOUGH LIME + HEAVY DUTY TOILET BOWL) 2 X 500 ML,BOX,500.0,2,MULTIPACK_SAME_ITEM,20.0,Uniware Compo,Vooki Uniware  Compo,,1,NPD
MVMPCCP04D250001,VOOKI SUPER SAVER COMBO TOUGH LIME SCALE SPRAY - SCRUB + HARD STAINS SPRAY - WIPE + FLOOR- SURFACE CLEANER + NATURE POWERED DISH WASH (PACK OF 4 X 250 ML),VOOKI SUPER SAVER COMBO TOUGH LIME SCALE SPRAY - SCRUB + HARD STAINS SPRAY - WIPE + FLOOR- SURFACE CLEANER + NATURE POWERED DISH WASH (PACK OF 4 X 250 ML),BOX,250.0,4,COMBO_DIFFERENT_ITEMS,20.0,Uniware Compo,Vooki Uniware  Compo,,1,NPD
MVMPCCP05D500003,VOOKI TOILET+FLOOR+HARDSTAIN+LIMESCALE+DISHWASH PACK OF 5,VOOKI TOILET+FLOOR+HARDSTAIN+LIMESCALE+DISHWASH PACK OF 5,BOX,,5,COMBO_DIFFERENT_ITEMS,,Uniware Compo,Vooki Uniware  Compo,,1,NPD
MVMPCCP02D500049,VOOKI TOUGH LIME SCALE SPRAY AND VOOKI ELECTRONIC COMPONENT CLEANER( COMPO PACK 2 X 500ML ),VOOKI TOUGH LIME SCALE SPRAY AND VOOKI ELECTRONIC COMPONENT CLEANER( COMPO PACK 2 X 500ML ),BOX,500.0,2,MULTIPACK_SAME_ITEM,20.0,Uniware Compo,Vooki Uniware Compo,,1,NPD
MVMPCCP05D500028,VOOKI ULTIMATE POWER CLEAN COMBO ( WHIMSICAL WONDER 405ML+LAUNDRY DETERGENT 801ML+FLOOR+SURFACE CLEANER+HEAVY DUTY TOILET BOWL CLEANER+HARD STAINS SPRAY+WIPE 500ML),VOOKI ULTIMATE POWER CLEAN COMBO ( WHIMSICAL WONDER 405ML+LAUNDRY DETERGENT 801ML+FLOOR+SURFACE CLEANER+HEAVY DUTY TOILET BOWL CLEANER+HARD STAINS SPRAY+WIPE 500ML),BOX,405.0,1,SINGLE_UNIT,20.0,Uniware Compo,VOOKI UNIWARE  COMPO,,1,NPD
MVMPCCP02D500017,VOOKI VOKI_GSURFCLR_500ML_PCK2 (2 X 500 ML),vooki VOKI_GSurfClr_500ml_Pck2 (2 x 500 ml),BOX,500.0,2,MULTIPACK_SAME_ITEM,20.0,Uniware Compo,Vooki Uniware  Compo,,1,NPD
