job,org,fg,cat,grp,outq,uom,lot,d,n_rm,val,file
133469,PPC - SEZ-Kandla,MGCHDN1650LLP003,General Chemicals,GC1,52800.0,KG,133469,2026-07-06,3,4573954.38,2026_27\Pure_MFG_Raw_Materials_Consump_200826_JC4.xls
134132,PPC - SEZ-Kandla,TDRMSN167THNR032,General Chemicals,GC1,24549.0,KG,134132 209581-27-207914,2026-07-18,3,3726920.12,2026_27\Pure_MFG_Raw_Materials_Consump_200826_JC4.xls
131530,PPM - Puzhal MFG,TDIMSN250PMDI005,General Chemicals,GC2,-10000.0,KG,131530 206440,2026-05-27,1,2964412.08,2026_27\Pure_MFG_Raw_Materials_Consump_150726_JC3.xls
157792,PPC - SEZ-Kandla,TDRMSN165THNR094,General Chemicals,GC1,23100.0,KG,157792 015,2026-07-27,10,2761911.54,2026_27\Pure_MFG_Raw_Materials_Consump_200826_JC5.xls
158397,PPC - SEZ-Kandla,MGCHDN1650LLP003,General Chemicals,GC1,27269.0,KG,158397,2026-08-10,3,2367987.8,2026_27\Pure_MFG_Raw_Materials_Consump_200826_JC5.xls
132333,POI - Alathur MFG,MLUPBULK00000233,Performance Chemicals,LMA Division,24914.0,L,132333 POI26061191,2026-06-11,8,2359897.6,2026_27\Pure_MFG_Raw_Materials_Consump_150726_JC3.xls
133149,PPC - SEZ-Kandla,TDRMSN165THNR094,General Chemicals,GC1,23100.0,KG,133149,2026-06-29,9,2280508.15,2026_27\Pure_MFG_Raw_Materials_Consump_200826_JC4.xls
133148,PPC - SEZ-Kandla,TDRMSN165THNR013,General Chemicals,GC1,23100.0,KG,133148,2026-06-29,9,2260764.65,2026_27\Pure_MFG_Raw_Materials_Consump_200826_JC4.xls
133062,PPC - SEZ-Kandla,TDRMSN200PHEN015,General Chemicals,GC1,17072.0,KG,133062,2026-06-27,3,2079644.59,2026_27\Pure_MFG_Raw_Materials_Consump_200826_JC4.xls
133793,POI - Alathur MFG,MOHSHDBR00220037,Performance Chemicals,Speciality Chemicals Division,18170.0,KG,"133793 POI26071306, 133793 POI26071308, 133793 POI26071309",2026-07-13,4,2073458.8,2026_27\Pure_MFG_Raw_Materials_Consump_200826_JC4.xls
132752,POI - Alathur MFG,MCPCBULK00000019,Performance Chemicals,PNC Division,6985.5,KG,132752,2026-06-22,4,1767786.47,2026_27\Pure_MFG_Raw_Materials_Consump_200826_JC4.xls
134019,PPC - SEZ-Kandla,TDRMSN175THNR125,General Chemicals,GC1,9450.0,KG,134019 205758-MADHAVAN,2026-07-17,3,1628522.4,2026_27\Pure_MFG_Raw_Materials_Consump_200826_JC4.xls
158437,PPC - SEZ-Kandla,TDRMSN165THNR013,General Chemicals,GC1,13200.0,KG,158437 207658-204205,2026-08-11,3,1573063.1,2026_27\Pure_MFG_Raw_Materials_Consump_200826_JC5.xls
129170,PSM - Thervoykandigai MFG,MGCNAX000SPOH062,General Chemicals,GC2,3982.0,KG,129170 BJ  PPS26040445,2026-04-21,7,1558205.8800000001,2026_27\Pure_MFG_Raw_Materials_Consump_150726_JC1.xls
129828,POI - Alathur MFG,MCPCBULK00000030,Performance Chemicals,PNC Division,6927.8,KG,129828 POI26050852,2026-05-11,4,1449621.15,2026_27\Pure_MFG_Raw_Materials_Consump_150726_JC2.xls
141751,POI - Alathur MFG,MCPCBULK00000030,Performance Chemicals,PNC Division,5978.5,KG,"141751 POI26071372, 141751 POI26071426",2026-07-20,4,1376862.55,2026_27\Pure_MFG_Raw_Materials_Consump_200826_JC5.xls
132544,PPC - SEZ-Kandla,TDBNAX000THNR043,General Chemicals,GC1,13200.0,KG,132544,2026-06-17,2,1372005.98,2026_27\Pure_MFG_Raw_Materials_Consump_150726_JC3.xls
133234,POI - Alathur MFG,MCPCBULK00000030,Performance Chemicals,PNC Division,5990.0,KG,"133234 POI26071369, 133234 POI26071370",2026-07-01,5,1347265.08,2026_27\Pure_MFG_Raw_Materials_Consump_200826_JC4.xls
132616,POI - Alathur MFG,MCPCBULK00000031,Performance Chemicals,PNC Division,2940.0,KG,132616 POI26061202,2026-06-18,3,1316626.58,2026_27\Pure_MFG_Raw_Materials_Consump_150726_JC3.xls
131702,POI - Alathur MFG,MCPCBULK00000030,Performance Chemicals,PNC Division,5991.5,KG,131702 POI26061061,2026-05-30,5,1274753.3,2026_27\Pure_MFG_Raw_Materials_Consump_150726_JC3.xls
130985,PSM - Thervoykandigai MFG,TDBNAX000RUSO004,General Chemicals,GC1,13750.0,KG,130985 BJ PPS26050564,2026-05-15,2,1250970.54,2026_27\Pure_MFG_Raw_Materials_Consump_150726_JC2.xls
131667,PSM - Thervoykandigai MFG,MVMPCBULK0000204,NPD,Vooki Division,4838.16,L,131667 BJ PPS26050625,2026-05-29,13,1141720.92,2026_27\Pure_MFG_Raw_Materials_Consump_150726_JC3.xls
129588,PPC - SEZ-Kandla,TDBNAX000THNR100,General Chemicals,GC1,18720.0,KG,129588,2026-05-04,2,1072104.06,2026_27\Pure_MFG_Raw_Materials_Consump_150726_JC2.xls
133699,POI - Alathur MFG,MCPCBULK00000019,Performance Chemicals,PNC Division,3974.9,KG,133699,2026-07-10,3,1013958.9099999999,2026_27\Pure_MFG_Raw_Materials_Consump_200826_JC4.xls
158272,PSM - Thervoykandigai MFG,MTDABULK00000225,Performance Chemicals,Textile & Paper Division,5000.0,KG,158272 BJ PPS26080956,2026-08-06,5,992089.54,2026_27\Pure_MFG_Raw_Materials_Consump_200826_JC5.xls
128767,POI - Alathur MFG,MOHSBULK00000017,Performance Chemicals,Speciality Chemicals Division,4839.7,KG,128767  POI26040643,2026-04-10,2,985503.48,2026_27\Pure_MFG_Raw_Materials_Consump_150726_JC1.xls
129002,POI - Alathur MFG,MCPCBULK00000031,Performance Chemicals,PNC Division,4967.9,KG,129002 POI26040724,2026-04-17,4,944192.13,2026_27\Pure_MFG_Raw_Materials_Consump_150726_JC1.xls
133586,PSM - Thervoykandigai MFG,MGCNAX000SPOH065,General Chemicals,GC2,5977.0,KG,133586 BJ PPS26070789,2026-07-08,9,894995.37,2026_27\Pure_MFG_Raw_Materials_Consump_200826_JC4.xls
133019,PSM - Thervoykandigai MFG,MGCNAX000SPOH065,General Chemicals,GC2,5991.0,KG,133019 BJ PPS26060750,2026-06-26,9,888098.35,2026_27\Pure_MFG_Raw_Materials_Consump_200826_JC4.xls
129695,PSM - Thervoykandigai MFG,TDBNAX000PUSY012,General Chemicals,GC2,4620.0,KG,"129695 BJ PPS26040479, 129695 BJ PPS26040494",2026-05-06,3,887517.1399999999,2026_27\Pure_MFG_Raw_Materials_Consump_150726_JC2.xls
133483,POI - Alathur MFG,MVMPCBULKD250058,NPD,Vooki Division,14708.0,L,133483 POI26071341,2026-07-06,13,886235.84,2026_27\Pure_MFG_Raw_Materials_Consump_200826_JC4.xls
129490,POI - Alathur MFG,MCPCBULK00000021,Performance Chemicals,PNC Division,4950.0,KG,"129490 POI26040683, 129490 POI26040684",2026-04-29,4,856797.24,2026_27\Pure_MFG_Raw_Materials_Consump_150726_JC2.xls
132442,POI - Alathur MFG,MCPCBULK00000030,Performance Chemicals,PNC Division,3983.5,KG,"132442 POI26061062, 132442 POI26061063",2026-06-15,4,853361.52,2026_27\Pure_MFG_Raw_Materials_Consump_150726_JC3.xls
128853,PSM - Thervoykandigai MFG,MTFCBULK00000173,Performance Chemicals,Textile & Paper Division,2200.0,KG,128853 BJ PPS26040416,2026-04-15,7,845019.6,2026_27\Pure_MFG_Raw_Materials_Consump_150726_JC1.xls
133789,POI - Alathur MFG,MOHSBULK00000017,Performance Chemicals,Speciality Chemicals Division,5990.0,KG,133789 POI26071305,2026-07-13,2,844915.26,2026_27\Pure_MFG_Raw_Materials_Consump_200826_JC4.xls
133775,POI - Alathur MFG,MOHSBULK00000017,Performance Chemicals,Speciality Chemicals Division,5715.0,KG,133775 POI26071307,2026-07-13,3,814009.26,2026_27\Pure_MFG_Raw_Materials_Consump_200826_JC4.xls
129363,POI - Alathur MFG,MLSCBULK00000008,Performance Chemicals,Speciality Chemicals Division,3569.0,KG,"129363 POI26040756, 129363 POI26040774",2026-04-27,6,788026.1599999999,2026_27\Pure_MFG_Raw_Materials_Consump_150726_JC2.xls
131415,PSM - Thervoykandigai MFG,MTFCBULK00000042,Performance Chemicals,Textile & Paper Division,6100.0,KG,131415 BJ PPS26050593,2026-05-25,6,764104.8999999999,2026_27\Pure_MFG_Raw_Materials_Consump_150726_JC3.xls
133447,POI - Alathur MFG,MCPCBULK00000019,Performance Chemicals,PNC Division,2989.0,KG,133447 POI26071314,2026-07-06,3,761438.37,2026_27\Pure_MFG_Raw_Materials_Consump_200826_JC4.xls
133493,POI - Alathur MFG,MCPCBULK00000019,Performance Chemicals,PNC Division,2992.3,KG,133493 POI26071315,2026-07-07,3,761265.4,2026_27\Pure_MFG_Raw_Materials_Consump_200826_JC4.xls
132334,POI - Alathur MFG,MCPCBULK00000019,Performance Chemicals,PNC Division,2990.0,KG,132334 POI26061153,2026-06-11,3,756021.3300000001,2026_27\Pure_MFG_Raw_Materials_Consump_150726_JC3.xls
129360,PPC - Bavla(MFG),MPPCHDBR00200078,Performance Chemicals,Textile & Paper Division,9400.0,KG,"129360 BAV 206112 26 4 01, 129360 BAV 206112 26 4 02, 129360 BAV 206226 26 04 03",2026-04-27,1,739079.76,2026_27\Pure_MFG_Raw_Materials_Consump_150726_JC2.xls
155774,POI - Alathur MFG,MRPOBULK00000044,Performance Chemicals,LMA Division,8296.4,L,155774 POI26071464,2026-07-23,7,732664.84,2026_27\Pure_MFG_Raw_Materials_Consump_200826_JC5.xls
131521,PSM - Thervoykandigai MFG,MTDABULK00000225,Performance Chemicals,Textile & Paper Division,4000.0,KG,131521 BJ PPS26060652,2026-05-27,5,730248.98,2026_27\Pure_MFG_Raw_Materials_Consump_150726_JC3.xls
131733,PSM - Thervoykandigai MFG,MTDABULK00000057,Performance Chemicals,Textile & Paper Division,12000.0,KG,"131733 BJ PPS26050619, 131733 BJ PPS26050620",2026-06-01,2,718660.9700000001,2026_27\Pure_MFG_Raw_Materials_Consump_150726_JC3.xls
158173,PSM - Thervoykandigai MFG,MLUPBULK00000292,Performance Chemicals,LMA Division,1799.06,L,158173 BJ PPS26080947,2026-08-04,3,717360.39,2026_27\Pure_MFG_Raw_Materials_Consump_200826_JC5.xls
131353,PSM - Thervoykandigai MFG,MCPCBULK00000141,Performance Chemicals,PNC Division,745.0,KG,131353 BJ PPS26050634,2026-05-23,2,686453.2699999999,2026_27\Pure_MFG_Raw_Materials_Consump_150726_JC2.xls
131645,PPC - SEZ-Kandla,TDRMSN170THNR114,General Chemicals,GC1,5395.0,KG,131645,2026-05-29,8,676331.28,2026_27\Pure_MFG_Raw_Materials_Consump_150726_JC3.xls
157922,PPM - Gummudipoondi MFG,MVMPCCP20D500520,NPD,Vooki Division,146.25,BOX,157922  POI26071118,2026-07-30,6,668601.3200000001,2026_27\Pure_MFG_Raw_Materials_Consump_200826_JC5.xls
145750,POI - Alathur MFG,MVMPCBULK0000209,NPD,Vooki Division,1439.42,L,145750 POI26081470,2026-07-21,36,667161.54,2026_27\Pure_MFG_Raw_Materials_Consump_200826_JC5.xls
133146,POI - Alathur MFG,MCPCBULK00000031,Performance Chemicals,PNC Division,2986.0,KG,133146 POI26071281,2026-06-29,3,665508.87,2026_27\Pure_MFG_Raw_Materials_Consump_200826_JC4.xls
134078,PSM - Thervoykandigai MFG,MGCNAX000SPOH062,General Chemicals,GC2,4023.0,KG,134078 BJ PPS26070864,2026-07-17,8,654028.87,2026_27\Pure_MFG_Raw_Materials_Consump_200826_JC4.xls
158622,POI - Alathur MFG,MCPCBULK00000210,Performance Chemicals,PNC Division,1472.2,KG,158622 POI26081574,2026-08-13,8,649786.47,2026_27\Pure_MFG_Raw_Materials_Consump_200826_JC5.xls
134087,POI - Alathur MFG,MCPCBULK00000030,Performance Chemicals,PNC Division,2998.1,KG,134087 POI26071371,2026-07-18,8,629220.91,2026_27\Pure_MFG_Raw_Materials_Consump_200826_JC4.xls
128230,POI - Alathur MFG,MCPCBULK00000019,Performance Chemicals,PNC Division,2987.6,KG,128230 POI26030595,2026-04-01,3,627170.51,2026_27\Pure_MFG_Raw_Materials_Consump_150726_JC1.xls
132079,POI - Alathur MFG,MOHSBULK00000017,Performance Chemicals,Speciality Chemicals Division,3975.0,KG,132079 POI26061070,2026-06-08,2,626148.23,2026_27\Pure_MFG_Raw_Materials_Consump_150726_JC3.xls
129731,POI - Alathur MFG,MCPCBULK00000030,Performance Chemicals,PNC Division,2995.0,KG,129731 POI26050849,2026-05-06,4,624381.12,2026_27\Pure_MFG_Raw_Materials_Consump_150726_JC2.xls
142757,PSM - Thervoykandigai MFG,MTDABULK00000225,Performance Chemicals,Textile & Paper Division,3025.0,KG,142757 BJ PPS26070799,2026-07-20,5,601279.27,2026_27\Pure_MFG_Raw_Materials_Consump_200826_JC5.xls
131453,PSM - Thervoykandigai MFG,TDBNAX000PUSY012,General Chemicals,GC2,2988.0,KG,131453 BJ PPS26050536,2026-05-25,1,596168.04,2026_27\Pure_MFG_Raw_Materials_Consump_150726_JC3.xls
158085,POI - Alathur MFG,MLUPBULK00000172,Performance Chemicals,LMA Division,6720.0,L,158085,2026-08-03,8,583920.83,2026_27\Pure_MFG_Raw_Materials_Consump_200826_JC5.xls
133242,PSM - Thervoykandigai MFG,MTPCHDBR00250875,Performance Chemicals,Textile & Paper Division,7488.0,KG,"133242 PI2606094, 133242 PI2606095, 133242 PI2606096",2026-07-01,16,577509.61,2026_27\Pure_MFG_Raw_Materials_Consump_200826_JC4.xls
129006,POI - Alathur MFG,MCPCBULK00000200,Performance Chemicals,PNC Division,2986.9,KG,129006 POI26050804,2026-04-17,3,577508.2,2026_27\Pure_MFG_Raw_Materials_Consump_150726_JC1.xls
133979,POI - Alathur MFG,MCPCBULK00000019,Performance Chemicals,PNC Division,2197.0,KG,133979 POI26071477,2026-07-16,3,566123.23,2026_27\Pure_MFG_Raw_Materials_Consump_200826_JC4.xls
158360,PSM - Thervoykandigai MFG,MGCNAX000PUSY083,General Chemicals,GC2,2988.0,KG,158360 BJ PPS26080850,2026-08-08,9,563914.41,2026_27\Pure_MFG_Raw_Materials_Consump_200826_JC5.xls
132628,PSM - Thervoykandigai MFG,MGCNAX000PUSY083,General Chemicals,GC2,2895.0,KG,132628 BJ PPS26060726,2026-06-18,9,556346.65,2026_27\Pure_MFG_Raw_Materials_Consump_150726_JC3.xls
132595,PSM - Thervoykandigai MFG,MGCNAX000PUSY083,General Chemicals,GC2,2891.0,KG,132595 BJ PPS26060724,2026-06-18,9,552686.19,2026_27\Pure_MFG_Raw_Materials_Consump_150726_JC3.xls
133959,PSM - Thervoykandigai MFG,MGCNAX000PUSY083,General Chemicals,GC2,2888.0,KG,133959 BJ PPS26070817,2026-07-16,9,548646.9299999999,2026_27\Pure_MFG_Raw_Materials_Consump_200826_JC4.xls
128376,PSM - Thervoykandigai MFG,MGCNAX000SPOH062,General Chemicals,GC2,3967.0,KG,128376 BJ PPS26030353,2026-04-03,9,547663.48,2026_27\Pure_MFG_Raw_Materials_Consump_150726_JC1.xls
128704,PSM - Thervoykandigai MFG,MGCNAX000SPOH062,General Chemicals,GC2,3983.0,KG,128704 BJ PPS26040376,2026-04-09,8,542028.7100000001,2026_27\Pure_MFG_Raw_Materials_Consump_150726_JC1.xls
133969,PSM - Thervoykandigai MFG,MGCNAX000PUSY083,General Chemicals,GC2,2884.0,KG,133969 BJ PPS26070791,2026-07-16,9,538784.54,2026_27\Pure_MFG_Raw_Materials_Consump_200826_JC4.xls
129232,PSM - Thervoykandigai MFG,TDBNAX000PUSY012,General Chemicals,GC2,2774.0,KG,129232 BJ PPS26040370,2026-04-22,9,533656.48,2026_27\Pure_MFG_Raw_Materials_Consump_150726_JC1.xls
128844,PSM - Thervoykandigai MFG,MTDABULK00000113,Performance Chemicals,Textile & Paper Division,3000.0,KG,128844 BJ PPS26040406,2026-04-15,9,532105.57,2026_27\Pure_MFG_Raw_Materials_Consump_150726_JC1.xls
129207,POI - Alathur MFG,MOHSBULK00000017,Performance Chemicals,Speciality Chemicals Division,5980.0,KG,129207 POI26040694,2026-04-22,3,531697.0700000001,2026_27\Pure_MFG_Raw_Materials_Consump_150726_JC1.xls
130932,POI - Alathur MFG,MLUPBULK00000172,Performance Chemicals,LMA Division,4864.37,L,130932 POI26050848,2026-05-15,7,531138.94,2026_27\Pure_MFG_Raw_Materials_Consump_150726_JC2.xls
132271,PSM - Thervoykandigai MFG,MGCNAX000PUSY013,General Chemicals,GC2,3989.0,KG,132271 BJ PPS26050621,2026-06-11,9,527923.89,2026_27\Pure_MFG_Raw_Materials_Consump_150726_JC3.xls
128833,POI - Alathur MFG,MCPCBULK00000030,Performance Chemicals,PNC Division,2985.0,KG,128833 POI26040681,2026-04-15,4,525049.27,2026_27\Pure_MFG_Raw_Materials_Consump_150726_JC1.xls
128791,POI - Alathur MFG,MCPCBULK00000030,Performance Chemicals,PNC Division,2990.0,KG,128791 POI26040680,2026-04-13,4,524721.3400000001,2026_27\Pure_MFG_Raw_Materials_Consump_150726_JC1.xls
132412,POI - Alathur MFG,MRPOBULK00000044,Performance Chemicals,LMA Division,5257.63,L,132412 POI26061101,2026-06-15,7,520982.58,2026_27\Pure_MFG_Raw_Materials_Consump_150726_JC3.xls
131080,POI - Alathur MFG,MLUPBULK00000172,Performance Chemicals,LMA Division,4675.2,L,131080 POI26050875,2026-05-18,7,520073.79,2026_27\Pure_MFG_Raw_Materials_Consump_150726_JC2.xls
130995,POI - Alathur MFG,MLUPBULK00000172,Performance Chemicals,LMA Division,4698.75,L,130995 POI26050874,2026-05-16,7,517832.72000000003,2026_27\Pure_MFG_Raw_Materials_Consump_150726_JC2.xls
128475,POI - Alathur MFG,MOHSBULK00000017,Performance Chemicals,Speciality Chemicals Division,5990.0,KG,128475 POI26040627,2026-04-06,2,515291.24,2026_27\Pure_MFG_Raw_Materials_Consump_150726_JC1.xls
128401,POI - Alathur MFG,MOHSBULK00000017,Performance Chemicals,Speciality Chemicals Division,5968.0,KG,128401 POI26040614,2026-04-03,2,514129.85,2026_27\Pure_MFG_Raw_Materials_Consump_150726_JC1.xls
128236,POI - Alathur MFG,MOHSBULK00000017,Performance Chemicals,Speciality Chemicals Division,5980.0,KG,128236 POI26030609,2026-04-01,2,513263.28,2026_27\Pure_MFG_Raw_Materials_Consump_150726_JC1.xls
133652,PSM - Thervoykandigai MFG,MGCNAX000PUSY084,General Chemicals,GC2,2793.0,KG,133652 BJ PPS26060647,2026-07-09,9,507600.98,2026_27\Pure_MFG_Raw_Materials_Consump_200826_JC4.xls
133238,PSM - Thervoykandigai MFG,MLUPBULK00000459,Performance Chemicals,Speciality Chemicals Division,3993.0,KG,133238 BJ PPS26060695,2026-07-01,10,506027.94,2026_27\Pure_MFG_Raw_Materials_Consump_200826_JC4.xls
131372,POI - Alathur MFG,MLUPBULK00000174,Performance Chemicals,LMA Division,4440.0,L,131372 POI26050920,2026-05-25,8,503924.32999999996,2026_27\Pure_MFG_Raw_Materials_Consump_150726_JC3.xls
131863,PSM - Thervoykandigai MFG,MTFCBULK00000109,Performance Chemicals,Textile & Paper Division,3035.0,KG,131863 BJ PPS26060667,2026-06-02,3,503039.93,2026_27\Pure_MFG_Raw_Materials_Consump_150726_JC3.xls
157951,PSM - Thervoykandigai MFG,MTDABULK00000053,Performance Chemicals,Textile & Paper Division,12000.0,KG,157951 BJ PPS26070921,2026-07-30,5,494424.71,2026_27\Pure_MFG_Raw_Materials_Consump_200826_JC5.xls
128894,POI - Alathur MFG,MOHSBULK00000017,Performance Chemicals,Speciality Chemicals Division,5997.0,KG,128894 POI26040693,2026-04-16,2,487989.82999999996,2026_27\Pure_MFG_Raw_Materials_Consump_150726_JC1.xls
128835,POI - Alathur MFG,MOHSBULK00000017,Performance Chemicals,Speciality Chemicals Division,5998.0,KG,128835 POI26040690,2026-04-15,2,487953.03,2026_27\Pure_MFG_Raw_Materials_Consump_150726_JC1.xls
128794,POI - Alathur MFG,MOHSBULK00000017,Performance Chemicals,Speciality Chemicals Division,5980.0,KG,128794,2026-04-13,2,487851.6,2026_27\Pure_MFG_Raw_Materials_Consump_150726_JC1.xls
132840,PSM - Thervoykandigai MFG,MGCNAX000PUSY013,General Chemicals,GC2,3964.0,KG,132840 BJ PPS26060680,2026-06-23,8,487276.45999999996,2026_27\Pure_MFG_Raw_Materials_Consump_200826_JC4.xls
149752,PSM - Thervoykandigai MFG,MVMPCBULKD250065,NPD,Vooki Division,9288.34,L,"149752 PPS26070886, 149752 PPS26070887",2026-07-21,11,473651.81,2026_27\Pure_MFG_Raw_Materials_Consump_200826_JC5.xls
134037,PSM - Thervoykandigai MFG,MCPCBULK00000141,Performance Chemicals,PNC Division,671.0,KG,134053 BJ PPS26070870,2026-07-17,2,473496.27999999997,2026_27\Pure_MFG_Raw_Materials_Consump_200826_JC4.xls
130891,POI - Alathur MFG,MTDABULK00000077,Performance Chemicals,Textile & Paper Division,9990.0,KG,130891 POI26050880,2026-05-14,4,468534.46,2026_27\Pure_MFG_Raw_Materials_Consump_150726_JC2.xls
129634,POI - Alathur MFG,MCPCBULK00000019,Performance Chemicals,PNC Division,2092.0,KG,"129634 POI26050866, 129634 POI26050868",2026-05-04,4,468497.37,2026_27\Pure_MFG_Raw_Materials_Consump_150726_JC2.xls
155758,POI - Alathur MFG,MLSCBULK00000008,Performance Chemicals,Speciality Chemicals Division,1796.0,KG,155758 POI26071449,2026-07-23,6,466289.26999999996,2026_27\Pure_MFG_Raw_Materials_Consump_200826_JC5.xls
130968,PSM - Thervoykandigai MFG,MVMPCBULKD250065,NPD,Vooki Division,-3735.26,L,130968 BJ PPS26050542,2026-05-15,11,466280.01,2026_27\Pure_MFG_Raw_Materials_Consump_150726_JC2.xls
152760,POI - Alathur MFG,MLSCBULK00000008,Performance Chemicals,Speciality Chemicals Division,1796.8,KG,152760  POI26071448,2026-07-22,6,465852.31,2026_27\Pure_MFG_Raw_Materials_Consump_200826_JC5.xls
129644,POI - Alathur MFG,MLUPBULK00000172,Performance Chemicals,LMA Division,4818.0,L,129644 POI26050721,2026-05-05,8,464399.78,2026_27\Pure_MFG_Raw_Materials_Consump_150726_JC2.xls
152747,POI - Alathur MFG,MCPCBULK00000030,Performance Chemicals,PNC Division,1992.2,KG,152747 POI26071427,2026-07-22,4,460745.61,2026_27\Pure_MFG_Raw_Materials_Consump_200826_JC5.xls
128267,PSM - Thervoykandigai MFG,TDBNAX000PUSY012,General Chemicals,GC2,2477.0,KG,128267 BJ PPS26030329,2026-04-01,9,460243.46,2026_27\Pure_MFG_Raw_Materials_Consump_150726_JC1.xls
155762,PPC - SEZ-Kandla,TDRMSN158THNR126,General Chemicals,GC1,6478.0,KG,155762 205473-SHIVA-205682-SHIVA,2026-07-23,3,448771.85,2026_27\Pure_MFG_Raw_Materials_Consump_200826_JC5.xls
131024,PSM - Thervoykandigai MFG,MGCNAX000PUSY083,General Chemicals,GC2,2512.0,KG,131024 BJ PPS26050508,2026-05-16,9,448077.26,2026_27\Pure_MFG_Raw_Materials_Consump_150726_JC2.xls
133443,POI - Alathur MFG,MCPCBULK00000031,Performance Chemicals,PNC Division,1994.5,KG,133443 POI26071313,2026-07-06,3,443933.24,2026_27\Pure_MFG_Raw_Materials_Consump_200826_JC4.xls
128629,POI - Alathur MFG,MCPCBULK00000030,Performance Chemicals,PNC Division,2996.0,KG,128629 POI26040655,2026-04-08,4,431695.63,2026_27\Pure_MFG_Raw_Materials_Consump_150726_JC1.xls
131067,POI - Alathur MFG,MLSCBULK00000008,Performance Chemicals,Speciality Chemicals Division,1785.0,KG,131067  POI26050897,2026-05-18,6,425185.17,2026_27\Pure_MFG_Raw_Materials_Consump_150726_JC2.xls
131992,PSM - Thervoykandigai MFG,MGCNAX000PUSY083,General Chemicals,GC2,2472.0,KG,131992 BJ PPS26050527,2026-06-05,9,425119.4,2026_27\Pure_MFG_Raw_Materials_Consump_150726_JC3.xls
129304,PSM - Thervoykandigai MFG,TDBNAX000PUSY012,General Chemicals,GC2,2100.0,KG,129304 BJ PPS26040455,2026-04-25,3,419800.07,2026_27\Pure_MFG_Raw_Materials_Consump_150726_JC1.xls
129073,PSM - Thervoykandigai MFG,MTPRBULK00000156,Performance Chemicals,Textile & Paper Division,2010.0,KG,129073 BJ PPS26040496,2026-04-18,7,415169.62,2026_27\Pure_MFG_Raw_Materials_Consump_150726_JC1.xls
128922,PSM - Thervoykandigai MFG,MGCNAX000PUSY105,General Chemicals,GC2,2940.0,KG,128922 BJ PPS26040417,2026-04-16,7,412761.97,2026_27\Pure_MFG_Raw_Materials_Consump_150726_JC1.xls
128915,PSM - Thervoykandigai MFG,MGCNAX000PUSY105,General Chemicals,GC2,2940.0,KG,128915 BJ PPS26040411,2026-04-16,7,412760.76,2026_27\Pure_MFG_Raw_Materials_Consump_150726_JC1.xls
129891,POI - Alathur MFG,MCPCBULK00000021,Performance Chemicals,PNC Division,1987.8,KG,129891 POI26050858,2026-05-12,4,408903.61,2026_27\Pure_MFG_Raw_Materials_Consump_150726_JC2.xls
129639,POI - Alathur MFG,MCPCBULK00000021,Performance Chemicals,PNC Division,1993.2,KG,129639 POI26050859,2026-05-04,4,407286.9,2026_27\Pure_MFG_Raw_Materials_Consump_150726_JC2.xls
158184,PSM - Thervoykandigai MFG,MTDABULK00000049,Performance Chemicals,Textile & Paper Division,6000.0,KG,158184 BJ PPS26080946,2026-08-04,4,406165.56999999995,2026_27\Pure_MFG_Raw_Materials_Consump_200826_JC5.xls
129629,PSM - Thervoykandigai MFG,MTDABULK00000049,Performance Chemicals,Textile & Paper Division,6000.0,KG,129629 BJ PPS26060697,2026-05-04,4,405989.06,2026_27\Pure_MFG_Raw_Materials_Consump_150726_JC2.xls
129621,PSM - Thervoykandigai MFG,MTFCBULK00000230,Performance Chemicals,Textile & Paper Division,2000.0,KG,129621 BJ PPS26040422,2026-05-04,3,397152.73,2026_27\Pure_MFG_Raw_Materials_Consump_150726_JC2.xls
128783,PSM - Thervoykandigai MFG,MGCNAX000PUSY105,General Chemicals,GC2,2862.0,KG,128783 BJ PPS26040410,2026-04-11,7,395760.92000000004,2026_27\Pure_MFG_Raw_Materials_Consump_150726_JC1.xls
133379,POI - Alathur MFG,MTDABULK00000077,Performance Chemicals,Textile & Paper Division,10200.0,KG,133379 POI26071304,2026-07-04,4,391366.89,2026_27\Pure_MFG_Raw_Materials_Consump_200826_JC4.xls
158116,POI - Alathur MFG,MLUPBULK00000233,Performance Chemicals,LMA Division,4160.0,L,158116 POI26081554,2026-08-03,7,386843.31,2026_27\Pure_MFG_Raw_Materials_Consump_200826_JC5.xls
128312,PSM - Thervoykandigai MFG,MLUPBULK00000749,Performance Chemicals,LMA Division,3258.27,L,128312 BJ PPS26030363,2026-04-02,21,386207.47,2026_27\Pure_MFG_Raw_Materials_Consump_150726_JC1.xls
128766,PSM - Thervoykandigai MFG,MGCNAX000PUSY105,General Chemicals,GC2,2773.0,KG,128766 BJ PPS26040394,2026-04-10,7,385232.03,2026_27\Pure_MFG_Raw_Materials_Consump_150726_JC1.xls
133498,POI - Alathur MFG,MLUPBULK00000172,Performance Chemicals,LMA Division,4144.1,L,133498 POI26071386,2026-07-07,6,384567.81999999995,2026_27\Pure_MFG_Raw_Materials_Consump_200826_JC4.xls
129551,POI - Alathur MFG,MLUPBULK00000436,Performance Chemicals,LMA Division,4747.0,L,"129551 POI26050817, 129551 POI26050826",2026-05-02,10,380871.52,2026_27\Pure_MFG_Raw_Materials_Consump_150726_JC2.xls
131061,POI - Alathur MFG,MWECBULK00000109,Performance Chemicals,Water Treatment Chemical,3900.0,KG,131061,2026-05-18,5,365442.14,2026_27\Pure_MFG_Raw_Materials_Consump_150726_JC2.xls
133481,PSM - Thervoykandigai MFG,TDBNAX000PUSY012,General Chemicals,GC2,1741.0,KG,"133481 BJ PPS26060754, 133481 BJ PPS26070788",2026-07-06,1,359065.43,2026_27\Pure_MFG_Raw_Materials_Consump_200826_JC4.xls
133941,POI - Alathur MFG,MVMPCBULKD250058,NPD,Vooki Division,5883.3,L,"133941 POI26071389, 133941 POI26071391",2026-07-16,13,357513.95999999996,2026_27\Pure_MFG_Raw_Materials_Consump_200826_JC4.xls
131784,PSM - Thervoykandigai MFG,MGCMSX000PUAD032,General Chemicals,GC2,2005.0,KG,131784 BJ PPS26050616,2026-06-01,1,356050.6,2026_27\Pure_MFG_Raw_Materials_Consump_150726_JC3.xls
128357,PSM - Thervoykandigai MFG,MGCNAX000PUSY105,General Chemicals,GC2,2788.0,KG,128357 BJ PPS26030360,2026-04-02,7,355200.74,2026_27\Pure_MFG_Raw_Materials_Consump_150726_JC1.xls
152774,PSM - Thervoykandigai MFG,MLUPBULK00000459,Performance Chemicals,Speciality Chemicals Division,2990.0,KG,152774 PPS26070807,2026-07-22,9,348462.7,2026_27\Pure_MFG_Raw_Materials_Consump_200826_JC5.xls
129337,POI - Alathur MFG,MCPCBULK00000030,Performance Chemicals,PNC Division,1990.8,KG,129337 POI26040682,2026-04-27,6,345561.88,2026_27\Pure_MFG_Raw_Materials_Consump_150726_JC2.xls
141760,PSM - Thervoykandigai MFG,MTPRBULK00000040,Performance Chemicals,Textile & Paper Division,3000.0,KG,141760 PPS26060753,2026-07-20,8,341023.61,2026_27\Pure_MFG_Raw_Materials_Consump_200826_JC5.xls
128462,PSM - Thervoykandigai MFG,MTFCBULK00000105,Performance Chemicals,Textile & Paper Division,6000.0,KG,128462 BJ PPS26050633,2026-04-04,7,340333.66000000003,2026_27\Pure_MFG_Raw_Materials_Consump_150726_JC1.xls
130979,PSM - Thervoykandigai MFG,MTFCBULK00000109,Performance Chemicals,Textile & Paper Division,2000.0,KG,130979 BJ PPS26060760,2026-05-15,3,329155.27999999997,2026_27\Pure_MFG_Raw_Materials_Consump_150726_JC2.xls
128272,PSM - Thervoykandigai MFG,MVMPCBULK0000204,NPD,Vooki Division,4830.0,L,128272 BJ PPS26040405,2026-04-01,12,325939.75,2026_27\Pure_MFG_Raw_Materials_Consump_150726_JC1.xls
133328,PSM - Thervoykandigai MFG,MTPRBULK00000093,Performance Chemicals,Textile & Paper Division,2500.0,KG,133328 BJ PPS26060692,2026-07-02,3,321749.42,2026_27\Pure_MFG_Raw_Materials_Consump_200826_JC4.xls
128784,PSM - Thervoykandigai MFG,MVMPCBULK0000204,NPD,Vooki Division,4756.88,L,128784 BJ PPS26040413,2026-04-11,12,317672.16000000003,2026_27\Pure_MFG_Raw_Materials_Consump_150726_JC1.xls
133339,POI - Alathur MFG,MOHSBULK00000017,Performance Chemicals,Speciality Chemicals Division,2318.0,KG,133339 POI26071189,2026-07-03,2,313005.37,2026_27\Pure_MFG_Raw_Materials_Consump_200826_JC4.xls
129507,POI - Alathur MFG,MVMPCBULKD250058,NPD,Vooki Division,1000.0,L,129510  POI26040810,2026-04-30,13,297497.72000000003,2026_27\Pure_MFG_Raw_Materials_Consump_150726_JC2.xls
134030,PSM - Thervoykandigai MFG,MTPRBULK00000146,Performance Chemicals,Textile & Paper Division,1684.0,KG,"134030 BJ PPS26070801, 134030 BJ PPS26070860",2026-07-17,3,295659.1,2026_27\Pure_MFG_Raw_Materials_Consump_200826_JC4.xls
157938,POI - Alathur MFG,MCPCBULK00000200,Performance Chemicals,PNC Division,1477.0,KG,157938 POI26081514,2026-07-30,4,295637.35000000003,2026_27\Pure_MFG_Raw_Materials_Consump_200826_JC5.xls
128647,POI - Alathur MFG,MVMPCBULKD250058,NPD,Vooki Division,5890.2,L,"128647 POI26040731, 128647 POI26040733",2026-04-08,13,293688.04,2026_27\Pure_MFG_Raw_Materials_Consump_150726_JC1.xls
131864,PSM - Thervoykandigai MFG,MTPRBULK00000231,Performance Chemicals,Textile & Paper Division,1900.0,KG,131864 BJ PPS26070668,2026-06-02,9,289136.14999999997,2026_27\Pure_MFG_Raw_Materials_Consump_150726_JC3.xls
131629,POI - Alathur MFG,MVMPCBULK0000209,NPD,Vooki Division,2394.2,L,131629 POI26050691,2026-05-29,4,286402.47,2026_27\Pure_MFG_Raw_Materials_Consump_150726_JC3.xls
158399,POI - Alathur MFG,MOHSBULK00000017,Performance Chemicals,Speciality Chemicals Division,1912.5,KG,158399 POI26081441,2026-08-10,2,283046.42,2026_27\Pure_MFG_Raw_Materials_Consump_200826_JC5.xls
158044,POI - Alathur MFG,MLUPBULK00000174,Performance Chemicals,LMA Division,2998.7,L,158044 POI26071504,2026-08-01,8,269408.78,2026_27\Pure_MFG_Raw_Materials_Consump_200826_JC5.xls
157840,POI - Alathur MFG,MLUPBULK00000174,Performance Chemicals,LMA Division,3048.0,L,157840 POI26071503,2026-07-28,8,269038.46,2026_27\Pure_MFG_Raw_Materials_Consump_200826_JC5.xls
128546,POI - Alathur MFG,MLUPBULK00000172,Performance Chemicals,LMA Division,2785.6,L,128546 POI26040597,2026-04-06,8,267729.89,2026_27\Pure_MFG_Raw_Materials_Consump_150726_JC1.xls
158165,PSM - Thervoykandigai MFG,MVMPCBULKD250065,NPD,Vooki Division,4684.42,L,158165 PPS26080948,2026-08-04,11,266739.79000000004,2026_27\Pure_MFG_Raw_Materials_Consump_200826_JC5.xls
157781,PSM - Thervoykandigai MFG,MVMPCBULKD250065,NPD,Vooki Division,4680.65,L,157781 BJ PPS26070916,2026-07-27,11,265346.18,2026_27\Pure_MFG_Raw_Materials_Consump_200826_JC5.xls
157968,PSM - Thervoykandigai MFG,MTFCBULK00000143,Performance Chemicals,Textile & Paper Division,3000.0,KG,157968 BJ PPS26070934,2026-07-30,3,261897.09,2026_27\Pure_MFG_Raw_Materials_Consump_200826_JC5.xls
158293,POI - Alathur MFG,MVMPCBULK0000209,NPD,Vooki Division,2400.0,L,158293 POI26081552,2026-08-06,33,261580.9,2026_27\Pure_MFG_Raw_Materials_Consump_200826_JC5.xls
128636,POI - Alathur MFG,MLUPBULK00000172,Performance Chemicals,LMA Division,2704.4,L,128636 POI26040596,2026-04-08,8,259887.98,2026_27\Pure_MFG_Raw_Materials_Consump_150726_JC1.xls
133759,PSM - Thervoykandigai MFG,MTPRBULK00000093,Performance Chemicals,Textile & Paper Division,2000.0,KG,133759 BJ PPS26070800,2026-07-13,3,257526.21000000002,2026_27\Pure_MFG_Raw_Materials_Consump_200826_JC4.xls
129607,POI - Alathur MFG,MCPCBULK00000261,Performance Chemicals,PNC Division,867.5,KG,129607 POI26050823,2026-05-04,1,254649.34,2026_27\Pure_MFG_Raw_Materials_Consump_150726_JC2.xls
128237,POI - Alathur MFG,MVMPCBULK0000209,NPD,Vooki Division,2419.2,L,128237 POI26030498,2026-04-01,38,248578.65,2026_27\Pure_MFG_Raw_Materials_Consump_150726_JC1.xls
131293,PSM - Thervoykandigai MFG,MTDABULK00000053,Performance Chemicals,Textile & Paper Division,6000.0,KG,131293 BJ PPS26050558,2026-05-22,5,245594.99,2026_27\Pure_MFG_Raw_Materials_Consump_150726_JC2.xls
158042,POI - Alathur MFG,TD10BULK00000235,Performance Chemicals,Raw  Material,998.0,KG,"158042 POI26081524, 158042 POI26081535",2026-07-31,2,239710.65,2026_27\Pure_MFG_Raw_Materials_Consump_200826_JC5.xls
128938,POI - Alathur MFG,MLUPBULK00000172,Performance Chemicals,LMA Division,2469.23,L,128938,2026-04-16,8,238202.6,2026_27\Pure_MFG_Raw_Materials_Consump_150726_JC1.xls
128626,POI - Alathur MFG,MLUPBULK00000172,Performance Chemicals,LMA Division,2481.0,L,128626 POI26040664,2026-04-08,8,237932.41,2026_27\Pure_MFG_Raw_Materials_Consump_150726_JC1.xls
151764,PSM - Thervoykandigai MFG,MLUPBULK00000854,Performance Chemicals,LMA Division,1997.0,L,151764 PPS26060765,2026-07-21,10,236598.17,2026_27\Pure_MFG_Raw_Materials_Consump_200826_JC5.xls
157842,POI - Alathur MFG,MVMPCBKLK0000553,NPD,Vooki Division,1962.7,L,157842 POI26071118,2026-07-28,21,236560.25,2026_27\Pure_MFG_Raw_Materials_Consump_200826_JC5.xls
131971,POI - Alathur MFG,MVMPCBULK0000209,NPD,Vooki Division,2429.0,L,131971 POI26050590,2026-06-04,36,234695.52,2026_27\Pure_MFG_Raw_Materials_Consump_150726_JC3.xls
132741,PSM - Thervoykandigai MFG,MTFCBULK00000127,Performance Chemicals,Textile & Paper Division,3000.0,KG,132741 BJ PPS26060665,2026-06-20,6,234021.29,2026_27\Pure_MFG_Raw_Materials_Consump_150726_JC3.xls
131082,POI - Alathur MFG,TD06BULK00000755,Performance Chemicals,Raw  Material,973.0,KG,"131082 POI26050903, 131082 POI26050904",2026-05-18,5,228371.30000000002,2026_27\Pure_MFG_Raw_Materials_Consump_150726_JC2.xls
133956,PSM - Thervoykandigai MFG,MTPCBULK00000974,Performance Chemicals,Textile & Paper Division,1000.0,KG,133956 BJ PPS26070868,2026-07-16,1,225988.32,2026_27\Pure_MFG_Raw_Materials_Consump_200826_JC4.xls
128273,PSM - Thervoykandigai MFG,MVMPCBULKD250065,NPD,Vooki Division,4675.04,L,128273 PPS26060682,2026-04-01,11,219143.79,2026_27\Pure_MFG_Raw_Materials_Consump_150726_JC1.xls
131531,PSM - Thervoykandigai MFG,MVMPCBULKD250065,NPD,Vooki Division,4868.22,L,131531 BJ PPS26050611,2026-05-27,11,218998.75,2026_27\Pure_MFG_Raw_Materials_Consump_150726_JC3.xls
129215,PSM - Thervoykandigai MFG,MVMPCBULKD250065,NPD,Vooki Division,4654.44,L,129215 BJ PPS26040453,2026-04-22,11,217637.7,2026_27\Pure_MFG_Raw_Materials_Consump_150726_JC1.xls
132062,POI - Alathur MFG,MTPCBULK00000973,Performance Chemicals,Textile & Paper Division,750.0,KG,132062 POI26061094,2026-06-06,3,216840.62,2026_27\Pure_MFG_Raw_Materials_Consump_150726_JC3.xls
131253,PSM - Thervoykandigai MFG,MTPRBULK00000156,Performance Chemicals,Textile & Paper Division,1000.0,KG,131253 BJ PPS26050585,2026-05-21,2,216273.1,2026_27\Pure_MFG_Raw_Materials_Consump_150726_JC2.xls
152746,PSM - Thervoykandigai MFG,MTPRHDCB00050125,Performance Chemicals,Textile & Paper Division,-2000.0,KG,152746,2026-07-22,6,213207.54,2026_27\Pure_MFG_Raw_Materials_Consump_200826_JC5.xls
128427,POI - Alathur MFG,MCPCBULK00000019,Performance Chemicals,PNC Division,995.0,KG,128427 POI26040613,2026-04-04,3,208860.35,2026_27\Pure_MFG_Raw_Materials_Consump_150726_JC1.xls
132467,POI - Alathur MFG,MTPCHDCN00001542,Performance Chemicals,Textile & Paper Division,1029.0,KG,132467 POI26061116,2026-06-16,3,208384.75,2026_27\Pure_MFG_Raw_Materials_Consump_150726_JC3.xls
133074,POI - Alathur MFG,MTPCHDCN00001542,Performance Chemicals,Textile & Paper Division,1045.0,KG,133074 POI26071258,2026-06-27,3,207660.90999999997,2026_27\Pure_MFG_Raw_Materials_Consump_200826_JC4.xls
131510,PSM - Thervoykandigai MFG,MTPRBULK00000165,Performance Chemicals,Textile & Paper Division,2000.0,KG,"131510 BJ PPS26050602, 131510 BJ PPS26050603",2026-05-26,4,206882.47,2026_27\Pure_MFG_Raw_Materials_Consump_150726_JC3.xls
157832,POI - Alathur MFG,MTPCHDCN00001542,Performance Chemicals,Textile & Paper Division,1006.0,KG,157832 POI26071458,2026-07-28,3,205135.28,2026_27\Pure_MFG_Raw_Materials_Consump_200826_JC5.xls
133784,PSM - Thervoykandigai MFG,MTFCBULK00000086,Performance Chemicals,Textile & Paper Division,3000.0,KG,133784 BJ PPS26070806,2026-07-13,6,204551.23,2026_27\Pure_MFG_Raw_Materials_Consump_200826_JC4.xls
142762,PSM - Thervoykandigai MFG,MTDABULK00000049,Performance Chemicals,Textile & Paper Division,3000.0,KG,142762,2026-07-20,4,203293.99,2026_27\Pure_MFG_Raw_Materials_Consump_200826_JC5.xls
146741,POI - Alathur MFG,TD11PPBG00050047,Performance Chemicals,Raw  Material,996.05,KG,146741 POI260720061,2026-07-21,3,203111.92,2026_27\Pure_MFG_Raw_Materials_Consump_200826_JC5.xls
132774,POI - Alathur MFG,MLUPBULK00000177,Performance Chemicals,LMA Division,1844.4,L,132774 POI26061211,2026-06-22,6,200532.51,2026_27\Pure_MFG_Raw_Materials_Consump_200826_JC4.xls
131496,PSM - Thervoykandigai MFG,MTFCBULK00000230,Performance Chemicals,Textile & Paper Division,1000.0,KG,131496 BJ PPS26050596,2026-05-26,3,198952.84,2026_27\Pure_MFG_Raw_Materials_Consump_150726_JC3.xls
128277,PSM - Thervoykandigai MFG,MTDABULK00000053,Performance Chemicals,Textile & Paper Division,5000.0,KG,128277 BJ PPS26050503,2026-04-01,5,196113.33000000002,2026_27\Pure_MFG_Raw_Materials_Consump_150726_JC1.xls
132560,PSM - Thervoykandigai MFG,MTPRBULK00000122,Performance Chemicals,Textile & Paper Division,3000.0,KG,132560 BJ PPS26060664,2026-06-17,6,194974.25,2026_27\Pure_MFG_Raw_Materials_Consump_150726_JC3.xls
131039,PSM - Thervoykandigai MFG,MVMPCBULKD250065,NPD,Vooki Division,4716.99,L,131039 PPS26050562,2026-05-16,11,194665.97999999998,2026_27\Pure_MFG_Raw_Materials_Consump_150726_JC2.xls
128610,PSM - Thervoykandigai MFG,MVMPCBULKD250065,NPD,Vooki Division,4600.0,L,128610 BJ PPS26040397,2026-04-08,11,193446.84,2026_27\Pure_MFG_Raw_Materials_Consump_150726_JC1.xls
128375,PSM - Thervoykandigai MFG,MTPCBULK00000890,Performance Chemicals,Textile & Paper Division,850.0,KG,128375 BJ PPS26030354,2026-04-03,4,191729.95,2026_27\Pure_MFG_Raw_Materials_Consump_150726_JC1.xls
128461,PSM - Thervoykandigai MFG,MTPRBULK00000122,Performance Chemicals,Textile & Paper Division,3000.0,KG,128461 BJ PPS26040427,2026-04-04,6,190459.69,2026_27\Pure_MFG_Raw_Materials_Consump_150726_JC1.xls
129327,PSM - Thervoykandigai MFG,MVMPCBULKD250065,NPD,Vooki Division,4715.2,L,129327 PPS26040465,2026-04-25,11,188744.9,2026_27\Pure_MFG_Raw_Materials_Consump_150726_JC1.xls
128511,PSM - Thervoykandigai MFG,MGCNAX000PUSY102,General Chemicals,GC2,1370.0,KG,128511 BJ PPS26030347,2026-04-06,6,187079.14,2026_27\Pure_MFG_Raw_Materials_Consump_150726_JC1.xls
128356,POI - Alathur MFG,MCPCBULK00000261,Performance Chemicals,PNC Division,576.3,KG,128356 POI26030563,2026-04-02,2,185105.58000000002,2026_27\Pure_MFG_Raw_Materials_Consump_150726_JC1.xls
131775,PSM - Thervoykandigai MFG,MTDABULK00000225,Performance Chemicals,Textile & Paper Division,1011.0,KG,131775 BJ PPS26050641,2026-06-01,5,184946.21,2026_27\Pure_MFG_Raw_Materials_Consump_150726_JC3.xls
129296,PSM - Thervoykandigai MFG,MGCNAX0000MDI038,General Chemicals,GC2,1150.0,KG,129296 BJ PPS26040466,2026-04-24,2,183679.19999999998,2026_27\Pure_MFG_Raw_Materials_Consump_150726_JC1.xls
128736,PSM - Thervoykandigai MFG,MGCNAX0000MDI038,General Chemicals,GC2,1140.0,KG,128736 BJ PPS26040409,2026-04-10,2,183679.19999999998,2026_27\Pure_MFG_Raw_Materials_Consump_150726_JC1.xls
133325,POI - Alathur MFG,MWECBULK00000109,Performance Chemicals,Water Treatment Chemical,1958.2,KG,133325 POI26071451,2026-07-02,5,183376.03,2026_27\Pure_MFG_Raw_Materials_Consump_200826_JC4.xls
158141,PSM - Thervoykandigai MFG,MTPCBULK00000A02,Performance Chemicals,Textile & Paper Division,1000.0,KG,158141 BJ PPS26070910,2026-08-03,8,182997.9,2026_27\Pure_MFG_Raw_Materials_Consump_200826_JC5.xls
129408,PSM - Thervoykandigai MFG,MGCNAX0000MDI038,General Chemicals,GC2,1150.0,KG,129408 BJ PPS26040487,2026-04-28,2,182865.47999999998,2026_27\Pure_MFG_Raw_Materials_Consump_150726_JC2.xls
129405,PSM - Thervoykandigai MFG,MGCNAX0000MDI038,General Chemicals,GC2,1150.0,KG,129405 BJ PPS26040480,2026-04-28,2,182865.47999999998,2026_27\Pure_MFG_Raw_Materials_Consump_150726_JC2.xls
131380,POI - Alathur MFG,TD06BULK00000755,Performance Chemicals,Raw  Material,777.0,KG,131380,2026-05-25,5,182765.81,2026_27\Pure_MFG_Raw_Materials_Consump_150726_JC3.xls
129819,PSM - Thervoykandigai MFG,MGCNAX0000MDI038,General Chemicals,GC2,1150.0,KG,129819 BJ PPS26050500,2026-05-09,2,182678.78,2026_27\Pure_MFG_Raw_Materials_Consump_150726_JC2.xls
133351,PSM - Thervoykandigai MFG,MVMPCBULKD250065,NPD,Vooki Division,3737.34,L,133351 PPS26060774,2026-07-03,11,182146.51,2026_27\Pure_MFG_Raw_Materials_Consump_200826_JC4.xls
129027,POI - Alathur MFG,MLUPBULK00000174,Performance Chemicals,LMA Division,1860.0,L,129027 POI26040720,2026-04-17,8,181476.48,2026_27\Pure_MFG_Raw_Materials_Consump_150726_JC1.xls
138741,POI - Alathur MFG,MVMPCBULKD250058,NPD,Vooki Division,2942.1,L,138741 POI26071428,2026-07-20,13,180110.66,2026_27\Pure_MFG_Raw_Materials_Consump_200826_JC5.xls
133499,POI - Alathur MFG,MLUPBULK00000174,Performance Chemicals,LMA Division,1860.0,L,133499 POI26071386,2026-07-07,8,179630.31999999998,2026_27\Pure_MFG_Raw_Materials_Consump_200826_JC4.xls
157843,POI - Alathur MFG,MLUPBULK00000177,Performance Chemicals,LMA Division,2007.8,L,157843 POI26071491,2026-07-28,6,179548.57,2026_27\Pure_MFG_Raw_Materials_Consump_200826_JC5.xls
134008,POI - Alathur MFG,MVMPCBULKD250058,NPD,Vooki Division,2939.2,L,134008 POI26071393,2026-07-17,13,178605.75,2026_27\Pure_MFG_Raw_Materials_Consump_200826_JC4.xls
128550,PSM - Thervoykandigai MFG,MVMPCBULKD250065,NPD,Vooki Division,4976.44,L,128550 PPS26040396,2026-04-07,11,173934.28,2026_27\Pure_MFG_Raw_Materials_Consump_150726_JC1.xls
133547,PSM - Thervoykandigai MFG,MGCNAX0000MDI038,General Chemicals,GC2,1066.0,KG,133547 BJ PPS26060725,2026-07-07,2,173693.52,2026_27\Pure_MFG_Raw_Materials_Consump_200826_JC4.xls
128463,PSM - Thervoykandigai MFG,MTPRBULK00000040,Performance Chemicals,Textile & Paper Division,2000.0,KG,128463 BJ PPS26040431,2026-04-04,8,173055.07,2026_27\Pure_MFG_Raw_Materials_Consump_150726_JC1.xls
129393,POI - Alathur MFG,MTDCBULK00000006,Performance Chemicals,Textile & Paper Division,509.0,KG,129393 POI26040786,2026-04-28,3,172685.09000000003,2026_27\Pure_MFG_Raw_Materials_Consump_150726_JC2.xls
128625,POI - Alathur MFG,MLUPBULK00000177,Performance Chemicals,LMA Division,1849.41,L,128625 POI26040663,2026-04-08,6,171808.11,2026_27\Pure_MFG_Raw_Materials_Consump_150726_JC1.xls
128496,PSM - Thervoykandigai MFG,MGCNAX0000MDI038,General Chemicals,GC2,1030.0,KG,128496 BJ PPS26040375,2026-04-06,2,166441.82,2026_27\Pure_MFG_Raw_Materials_Consump_150726_JC1.xls
128648,POI - Alathur MFG,MVMPCBULKD250059,NPD,Vooki Division,5946.2,L,128648  POI26040695,2026-04-08,8,164094.45,2026_27\Pure_MFG_Raw_Materials_Consump_150726_JC1.xls
132622,PSM - Thervoykandigai MFG,MGCNAX000PUSY102,General Chemicals,GC2,2139.0,KG,132622 BJ PPS26060691,2026-06-18,6,163017.86,2026_27\Pure_MFG_Raw_Materials_Consump_150726_JC3.xls
133877,POI - Alathur MFG,MVMPCBULKD250058,NPD,Vooki Division,2938.8,L,133877 POI26071342,2026-07-15,13,162175.75,2026_27\Pure_MFG_Raw_Materials_Consump_200826_JC4.xls
132508,POI - Alathur MFG,MVMPCBULKD250058,NPD,Vooki Division,2913.72,L,132508 POI26061041,2026-06-16,13,161528.67,2026_27\Pure_MFG_Raw_Materials_Consump_150726_JC3.xls
131706,POI - Alathur MFG,MVMPCBULKD250058,NPD,Vooki Division,2938.2,L,131706 POI26061039,2026-05-30,13,160816.42,2026_27\Pure_MFG_Raw_Materials_Consump_150726_JC3.xls
132580,POI - Alathur MFG,MVMPCBULKD250058,NPD,Vooki Division,2938.2,L,132580 POI26061044,2026-06-18,13,160304.28,2026_27\Pure_MFG_Raw_Materials_Consump_150726_JC3.xls
142754,PSM - Thervoykandigai MFG,MTDABULK00000085,Performance Chemicals,Textile & Paper Division,1495.0,KG,142754 PPS26070815,2026-07-20,4,156046.66,2026_27\Pure_MFG_Raw_Materials_Consump_200826_JC5.xls
130844,POI - Alathur MFG,MVMPCBULKD250066,NPD,Vooki Division,1954.57,L,130844 POI26050883,2026-05-13,25,155717.65,2026_27\Pure_MFG_Raw_Materials_Consump_150726_JC2.xls
145741,PSM - Thervoykandigai MFG,MTPRBULK00000034,Performance Chemicals,Textile & Paper Division,6000.0,KG,145741,2026-07-21,4,148589.12,2026_27\Pure_MFG_Raw_Materials_Consump_200826_JC5.xls
129548,POI - Alathur MFG,MVMPCBULKD250058,NPD,Vooki Division,2942.1,L,129548 POI26040812,2026-04-30,13,148533.06,2026_27\Pure_MFG_Raw_Materials_Consump_150726_JC2.xls
131270,POI - Alathur MFG,MVMPCBULKD250066,NPD,Vooki Division,1942.8,L,131270 POI26050884,2026-05-22,25,147170.32,2026_27\Pure_MFG_Raw_Materials_Consump_150726_JC2.xls
129240,POI - Alathur MFG,MVMPCBULKD250058,NPD,Vooki Division,2942.15,L,129240 POI26040757,2026-04-24,13,147068.57,2026_27\Pure_MFG_Raw_Materials_Consump_150726_JC1.xls
158207,POI - Alathur MFG,MVMPCBULKD250066,NPD,Vooki Division,1972.03,L,158207 POI26080885,2026-08-05,25,147015.56,2026_27\Pure_MFG_Raw_Materials_Consump_200826_JC5.xls
132683,PPM - Gummudipoondi MFG,MPRCCBBX00020002,Performance Chemicals,LMA Division,50.0,BOX,132683 POI26050728,2026-06-19,4,145802.45,2026_27\Pure_MFG_Raw_Materials_Consump_150726_JC3.xls
158372,POI - Alathur MFG,MVMPCBULKD250066,NPD,Vooki Division,1940.7,L,158372 POI26081546,2026-08-10,25,144530.62,2026_27\Pure_MFG_Raw_Materials_Consump_200826_JC5.xls
134126,PSM - Thervoykandigai MFG,MCPCBULK00000261,Performance Chemicals,PNC Division,1000.0,KG,134126 PPS26070877,2026-07-18,2,139753.96000000002,2026_27\Pure_MFG_Raw_Materials_Consump_200826_JC4.xls
129797,PSM - Thervoykandigai MFG,MTPCHDBR00250875,Performance Chemicals,Textile & Paper Division,2520.0,KG,129797 PI2605065,2026-05-08,14,136918.14,2026_27\Pure_MFG_Raw_Materials_Consump_150726_JC2.xls
129141,POI - Alathur MFG,MTDABULK00000228,Performance Chemicals,Textile & Paper Division,1668.3,KG,129141 POI26050806,2026-04-20,5,136568.36000000002,2026_27\Pure_MFG_Raw_Materials_Consump_150726_JC1.xls
133292,PSM - Thervoykandigai MFG,MLSCBULK00000052,Performance Chemicals,Speciality Chemicals Division,960.0,KG,133292 BJ PPS26060775,2026-07-02,2,131751.09,2026_27\Pure_MFG_Raw_Materials_Consump_200826_JC4.xls
152779,PSM - Thervoykandigai MFG,MGCNAX000SPOH065,General Chemicals,GC2,685.0,KG,152779 PPS26070852,2026-07-22,9,129949.41,2026_27\Pure_MFG_Raw_Materials_Consump_200826_JC5.xls
132270,PSM - Thervoykandigai MFG,MGCMSN210PUSY005,General Chemicals,GC2,840.0,KG,132270 PPS26050635,2026-06-11,11,129763.47,2026_27\Pure_MFG_Raw_Materials_Consump_150726_JC3.xls
158566,PSM - Thervoykandigai MFG,MGCNAX000PUSY149,General Chemicals,GC2,857.0,KG,158566 BJ PPS26080955,2026-08-12,9,126422.11,2026_27\Pure_MFG_Raw_Materials_Consump_200826_JC5.xls
156747,PSM - Thervoykandigai MFG,MGCNAX000PUSY093,General Chemicals,GC2,989.0,KG,156747 BJ PPS26070903,2026-07-25,7,125447.88,2026_27\Pure_MFG_Raw_Materials_Consump_200826_JC5.xls
155744,PSM - Thervoykandigai MFG,MGCMSN210PUSY004,General Chemicals,GC2,849.0,KG,155744 PPS26070838,2026-07-23,9,125430.15,2026_27\Pure_MFG_Raw_Materials_Consump_200826_JC5.xls
130883,POI - Alathur MFG,MTDABULK00000228,Performance Chemicals,Textile & Paper Division,1507.0,KG,130883 POI26050808,2026-05-14,5,124719.66,2026_27\Pure_MFG_Raw_Materials_Consump_150726_JC2.xls
128459,PSM - Thervoykandigai MFG,MTPRBULK00000034,Performance Chemicals,Textile & Paper Division,6000.0,KG,128459 BJ PPS26040393,2026-04-04,4,124595.57,2026_27\Pure_MFG_Raw_Materials_Consump_150726_JC1.xls
133916,PSM - Thervoykandigai MFG,MGCMSN210PUSY004,General Chemicals,GC2,840.0,KG,133916 PPS26070838,2026-07-15,9,124453.62,2026_27\Pure_MFG_Raw_Materials_Consump_200826_JC4.xls
128385,PSM - Thervoykandigai MFG,MGCMSN210PUSY004,General Chemicals,GC2,840.0,KG,128385 PPS26050629,2026-04-03,9,124084.02,2026_27\Pure_MFG_Raw_Materials_Consump_150726_JC1.xls
128984,PSM - Thervoykandigai MFG,MTPRBULK00000034,Performance Chemicals,Textile & Paper Division,6000.0,KG,128984 BJ PPS26040426,2026-04-17,4,123806.84,2026_27\Pure_MFG_Raw_Materials_Consump_150726_JC1.xls
132178,PSM - Thervoykandigai MFG,MTPRBULK00000034,Performance Chemicals,Textile & Paper Division,6000.0,KG,132178 BJ PPS26060679,2026-06-09,4,122458.75,2026_27\Pure_MFG_Raw_Materials_Consump_150726_JC3.xls
133552,PPM - Puzhal MFG,MGCMSU230PUAD048,General Chemicals,GC2,-20.0,KG,133552 PUB2607069 07JUL2026,2026-07-07,1,119926.6,2026_27\Pure_MFG_Raw_Materials_Consump_200826_JC4.xls
156765,PSM - Thervoykandigai MFG,MGCNAX000PUSY096,General Chemicals,GC2,726.0,KG,156765 PPS26070797,2026-07-25,8,119854.66,2026_27\Pure_MFG_Raw_Materials_Consump_200826_JC5.xls
133737,PSM - Thervoykandigai MFG,MTFCBULK00000121,Performance Chemicals,Textile & Paper Division,1000.0,KG,133737 BJ PPS2606701,2026-07-11,3,119500.93,2026_27\Pure_MFG_Raw_Materials_Consump_200826_JC4.xls
133389,PSM - Thervoykandigai MFG,MGCNAX000PUSY096,General Chemicals,GC2,864.0,KG,133389 BJ PPS26060642,2026-07-04,8,115739.03,2026_27\Pure_MFG_Raw_Materials_Consump_200826_JC4.xls
131445,POI - Alathur MFG,MLPBRHDT003-AR00,NPD,Lab Division,353.0,KG,"131445 POI260520029, 131445 POI260520030, 131445 POI260520031, 131445 POI260520032",2026-05-25,3,114955.04000000001,2026_27\Pure_MFG_Raw_Materials_Consump_150726_JC3.xls
131040,PSM - Thervoykandigai MFG,MTPCBULK00000814,Performance Chemicals,Textile & Paper Division,987.0,KG,131040 BJ PPS26050566,2026-05-16,11,112540.77,2026_27\Pure_MFG_Raw_Materials_Consump_150726_JC2.xls
129532,PSM - Thervoykandigai MFG,MGCNAX000PUSY111,General Chemicals,GC2,858.0,KG,129532 BJ PPS26040490,2026-04-30,8,111677.93,2026_27\Pure_MFG_Raw_Materials_Consump_150726_JC2.xls
142760,PSM - Thervoykandigai MFG,MTPRBULK00000165,Performance Chemicals,Textile & Paper Division,1000.0,KG,142760,2026-07-20,4,111127.97,2026_27\Pure_MFG_Raw_Materials_Consump_200826_JC5.xls
132308,PSM - Thervoykandigai MFG,MOCSBULK00000058,Performance Chemicals,Speciality Chemicals Division,760.0,KG,132308 BJ PPS26060693,2026-06-11,6,110601.7,2026_27\Pure_MFG_Raw_Materials_Consump_150726_JC3.xls
128631,POI - Alathur MFG,MPCCBULK00000007,Performance Chemicals,PNC Division,985.2,KG,128631 POI26040670,2026-04-08,3,108678.33,2026_27\Pure_MFG_Raw_Materials_Consump_150726_JC1.xls
129085,POI - Alathur MFG,MLPBTGLK001-NA00,NPD,Lab Division,81.0,L,"129085 POI260420017, 129085 POI260420019",2026-04-18,4,108349.25,2026_27\Pure_MFG_Raw_Materials_Consump_150726_JC1.xls
134017,PSM - Thervoykandigai MFG,MTPRBULK00000146,Performance Chemicals,Textile & Paper Division,695.0,KG,134017 BJ PPS26070820,2026-07-17,3,106250.55,2026_27\Pure_MFG_Raw_Materials_Consump_200826_JC4.xls
128263,PSM - Thervoykandigai MFG,MGCNAX000PUSY108,General Chemicals,GC2,641.0,KG,128263 BJ PPS26030359,2026-04-01,6,101485.64,2026_27\Pure_MFG_Raw_Materials_Consump_150726_JC1.xls
157742,POI - Alathur MFG,MTDABULK00000067,Performance Chemicals,Textile & Paper Division,1587.5,KG,157742 POI26071475,2026-07-27,9,101169.88,2026_27\Pure_MFG_Raw_Materials_Consump_200826_JC5.xls
155801,PSM - Thervoykandigai MFG,MTPRBULK00000244,Performance Chemicals,Textile & Paper Division,1000.0,KG,155801 PPS26070907,2026-07-24,9,99214.17,2026_27\Pure_MFG_Raw_Materials_Consump_200826_JC5.xls
128838,PSM - Thervoykandigai MFG,MTPRBULK00000165,Performance Chemicals,Textile & Paper Division,1000.0,KG,128838 BJ PPS26040418,2026-04-15,4,95982.17,2026_27\Pure_MFG_Raw_Materials_Consump_150726_JC1.xls
129050,PSM - Thervoykandigai MFG,MTPRBULK00000165,Performance Chemicals,Textile & Paper Division,1000.0,KG,129050 BJ PPS26040419,2026-04-18,4,95508.38,2026_27\Pure_MFG_Raw_Materials_Consump_150726_JC1.xls
129275,POI - Alathur MFG,MLPCNHDI029-EL00,NPD,Lab Division,312.5,L,129275 POI260420020,2026-04-24,2,89801.48,2026_27\Pure_MFG_Raw_Materials_Consump_150726_JC1.xls
158374,POI - Alathur MFG,MVMPCBULK0000228,NPD,Vooki Division,978.5,L,158250 POI26081542,2026-08-10,22,84435.8,2026_27\Pure_MFG_Raw_Materials_Consump_200826_JC5.xls
158646,PSM - Thervoykandigai MFG,MGCNAX000PUSY096,General Chemicals,GC2,866.0,KG,158646 BJ PPS26080990,2026-08-14,8,83606.18,2026_27\Pure_MFG_Raw_Materials_Consump_200826_JC5.xls
133977,POI - Alathur MFG,MLWEBULK00000108,Performance Chemicals,Leather Division,998.0,KG,133977 POI26071418,2026-07-16,2,83139.48999999999,2026_27\Pure_MFG_Raw_Materials_Consump_200826_JC4.xls
155799,PSM - Thervoykandigai MFG,MTPRBULK00000039,Performance Chemicals,Textile & Paper Division,3000.0,KG,155799 BJ PPS26080981,2026-07-24,5,78407.67,2026_27\Pure_MFG_Raw_Materials_Consump_200826_JC5.xls
154778,PSM - Thervoykandigai MFG,MTPPBULK00000015,Performance Chemicals,Textile & Paper Division,690.0,KG,154778 BJ PPS26070897,2026-07-23,11,78225.56,2026_27\Pure_MFG_Raw_Materials_Consump_200826_JC5.xls
141750,PPM - Gummudipoondi MFG,MVMPCCB20D500210,NPD,Vooki Division,42.0,BOX,141750 PPS2605062510,2026-07-20,4,77004.31999999999,2026_27\Pure_MFG_Raw_Materials_Consump_200826_JC5.xls
133900,PCM - Puzhal MFG,MTPCHDCB00050147,Performance Chemicals,Textile & Paper Division,200.0,KG,133900 PCC15072026005,2026-07-15,2,75724.84,2026_27\Pure_MFG_Raw_Materials_Consump_200826_JC4.xls
129136,POI - Alathur MFG,MOPPBULK00000006,Performance Chemicals,Speciality Chemicals Division,400.0,KG,129136 POI26040699,2026-04-20,7,72900.04,2026_27\Pure_MFG_Raw_Materials_Consump_150726_JC1.xls
130828,POI - Alathur MFG,MWROBULK00000054,Performance Chemicals,Water Treatment Chemical,980.0,KG,130828 POI26050871,2026-05-13,4,71039.73000000001,2026_27\Pure_MFG_Raw_Materials_Consump_150726_JC2.xls
145743,PSM - Thervoykandigai MFG,MTPRBULK00000040,Performance Chemicals,Textile & Paper Division,500.0,KG,145743,2026-07-21,7,70998.8,2026_27\Pure_MFG_Raw_Materials_Consump_200826_JC5.xls
133538,PSM - Thervoykandigai MFG,MGCNAX000PUSY120,General Chemicals,GC2,500.0,KG,133538 BJ PPS26060766,2026-07-07,11,70380.01000000001,2026_27\Pure_MFG_Raw_Materials_Consump_200826_JC4.xls
133664,PSM - Thervoykandigai MFG,MGCNAX000PUSY128,General Chemicals,GC2,551.0,KG,133664 BJ PPS26060768,2026-07-09,10,69389.15,2026_27\Pure_MFG_Raw_Materials_Consump_200826_JC4.xls
131681,PSM - Thervoykandigai MFG,MTPRHDCB00050125,Performance Chemicals,Textile & Paper Division,2000.0,KG,"131681 PPS26050622, 131681 PPS26050623",2026-05-30,6,68958.52,2026_27\Pure_MFG_Raw_Materials_Consump_150726_JC3.xls
131016,PSM - Thervoykandigai MFG,MTFCBULK00000086,Performance Chemicals,Textile & Paper Division,1000.0,KG,131016 BJ PPS26050556,2026-05-16,6,67902.27,2026_27\Pure_MFG_Raw_Materials_Consump_150726_JC2.xls
131406,PSM - Thervoykandigai MFG,MTFCBULK00000086,Performance Chemicals,Textile & Paper Division,1000.0,KG,131406 BJ PPS26050597,2026-05-25,6,67894.20999999999,2026_27\Pure_MFG_Raw_Materials_Consump_150726_JC3.xls
132561,PSM - Thervoykandigai MFG,MTPRBULK00000235,Performance Chemicals,Textile & Paper Division,1000.0,KG,132561 BJ PPS26060702,2026-06-17,4,67560.22,2026_27\Pure_MFG_Raw_Materials_Consump_150726_JC3.xls
158432,PSM - Thervoykandigai MFG,MTPCBULK00000988,Performance Chemicals,Textile & Paper Division,484.7,KG,158432 BJ PPS26080967,2026-08-11,15,66528.51,2026_27\Pure_MFG_Raw_Materials_Consump_200826_JC5.xls
132960,PSM - Thervoykandigai MFG,MTPPBULK00000015,Performance Chemicals,Textile & Paper Division,680.0,KG,132960 BJ PPS26060737,2026-06-25,11,64935.79,2026_27\Pure_MFG_Raw_Materials_Consump_200826_JC4.xls
158050,POI - Alathur MFG,MTDABULK00000097,Performance Chemicals,Textile & Paper Division,323.3,KG,158050,2026-08-01,4,62616.91,2026_27\Pure_MFG_Raw_Materials_Consump_200826_JC5.xls
133732,PSM - Thervoykandigai MFG,MTPRBULK00000093,Performance Chemicals,Textile & Paper Division,250.0,KG,133732 BJ PPS26070823,2026-07-11,6,62547.82,2026_27\Pure_MFG_Raw_Materials_Consump_200826_JC4.xls
158167,PSM - Thervoykandigai MFG,MCPCBULK00000278,Performance Chemicals,PNC Division,92.0,KG,158167 BJ PP2606041,2026-08-04,4,62424.94,2026_27\Pure_MFG_Raw_Materials_Consump_200826_JC5.xls
142748,PSM - Thervoykandigai MFG,MLSCBULK00000040,Performance Chemicals,Speciality Chemicals Division,299.0,L,"142748 BJ PPS26060708, 142748 BJ PPS26070854",2026-07-20,3,59843.31,2026_27\Pure_MFG_Raw_Materials_Consump_200826_JC5.xls
152762,PPM - Gummudipoondi MFG,MVMPCCB20D500013,NPD,Vooki Division,44.0,BOX,152762 POI2605069709,2026-07-22,4,58835.79,2026_27\Pure_MFG_Raw_Materials_Consump_200826_JC5.xls
133864,POI - Alathur MFG,TD12HDCB00025111,Performance Chemicals,Raw  Material,205.5,KG,133864,2026-07-14,1,58725.96,2026_27\Pure_MFG_Raw_Materials_Consump_200826_JC4.xls
158128,POI - Alathur MFG,MLPBTGLK001-NA00,NPD,Lab Division,39.5,L,158128 POI260620050,2026-08-03,4,58185.52,2026_27\Pure_MFG_Raw_Materials_Consump_200826_JC5.xls
131391,POI - Alathur MFG,MLPBTGLK001-NA00,NPD,Lab Division,40.5,L,131391 POI260520028,2026-05-25,4,57908.63,2026_27\Pure_MFG_Raw_Materials_Consump_150726_JC3.xls
129897,POI - Alathur MFG,MLPBTGLK001-NA00,NPD,Lab Division,42.0,L,129897 POI260520027,2026-05-12,4,57312.77,2026_27\Pure_MFG_Raw_Materials_Consump_150726_JC2.xls
156774,PSM - Thervoykandigai MFG,MVMPCBKLK0000544,NPD,Vooki Division,195.87,BOX,"156774 PPS26040129, 156774 PPS26040450",2026-07-25,20,56338.24,2026_27\Pure_MFG_Raw_Materials_Consump_200826_JC5.xls
128881,POI - Alathur MFG,MLPBTGLK001-NA00,NPD,Lab Division,41.0,L,128881 POI260420015,2026-04-15,4,54933.46,2026_27\Pure_MFG_Raw_Materials_Consump_150726_JC1.xls
798348,PSM - Thervoykandigai MFG,MOCSBULK00000035,Performance Chemicals,Speciality Chemicals Division,760.0,KG,798348 BJ PPS26060690,2026-06-11,5,54637.18,2026_27\Pure_MFG_Raw_Materials_Consump_150726_JC3.xls
128573,POI - Alathur MFG,MLPBTGLK001-NA00,NPD,Lab Division,41.0,L,128573 POI260320010,2026-04-07,4,54543.0,2026_27\Pure_MFG_Raw_Materials_Consump_150726_JC1.xls
129716,POI - Alathur MFG,MLPBTGLK001-NA00,NPD,Lab Division,41.0,L,129716 POI260520026,2026-05-06,4,54310.99,2026_27\Pure_MFG_Raw_Materials_Consump_150726_JC2.xls
132958,PSM - Thervoykandigai MFG,MTPCBULK00000A09,Performance Chemicals,Textile & Paper Division,1400.0,KG,"132958 BJ PPS26060735, 132958 BJ PPS26060748",2026-06-25,3,53968.82000000001,2026_27\Pure_MFG_Raw_Materials_Consump_200826_JC4.xls
132695,POI - Alathur MFG,MVMPCBULKD250058,NPD,Vooki Division,980.4,L,132695 POI26061045,2026-06-19,13,53123.61,2026_27\Pure_MFG_Raw_Materials_Consump_150726_JC3.xls
131371,PSM - Thervoykandigai MFG,MCPCBULK00000241,Performance Chemicals,PNC Division,103.0,KG,131371 BJ PPS26050582,2026-05-23,8,53025.19,2026_27\Pure_MFG_Raw_Materials_Consump_150726_JC2.xls
133988,PSM - Thervoykandigai MFG,MTPWBULK00000078,Performance Chemicals,Textile & Paper Division,420.0,KG,133988 BJ PPS26070834,2026-07-16,8,52545.45,2026_27\Pure_MFG_Raw_Materials_Consump_200826_JC4.xls
132693,PSM - Thervoykandigai MFG,MTDABULK00000085,Performance Chemicals,Textile & Paper Division,500.0,KG,132693 BJ PPS26060666,2026-06-19,4,51980.979999999996,2026_27\Pure_MFG_Raw_Materials_Consump_150726_JC3.xls
131676,PSM - Thervoykandigai MFG,MCPCBULK00000071,Performance Chemicals,PNC Division,288.0,KG,131676 BJ PPS26040395,2026-05-29,6,51149.229999999996,2026_27\Pure_MFG_Raw_Materials_Consump_150726_JC3.xls
155814,POI - Alathur MFG,MTDABULK00000067,Performance Chemicals,Textile & Paper Division,787.0,KG,155814 POI59071460,2026-07-24,9,50557.009999999995,2026_27\Pure_MFG_Raw_Materials_Consump_200826_JC5.xls
140748,POI - Alathur MFG,MTDABULK00000067,Performance Chemicals,Textile & Paper Division,784.0,KG,"140748 POI26071405, 140748 POI26071429",2026-07-20,9,50469.74,2026_27\Pure_MFG_Raw_Materials_Consump_200826_JC5.xls
133567,POI - Alathur MFG,MTDABULK00000067,Performance Chemicals,Textile & Paper Division,790.0,KG,"133567 POI26071356, 133567 POI26071378",2026-07-07,9,50469.6,2026_27\Pure_MFG_Raw_Materials_Consump_200826_JC4.xls
131773,POI - Alathur MFG,MVMPCCB20D500007,NPD,Vooki Division,47.0,BOX,131773 POI26050869,2026-06-01,5,48953.31,2026_27\Pure_MFG_Raw_Materials_Consump_150726_JC3.xls
151766,PSM - Thervoykandigai MFG,MWECBULK00000088,Performance Chemicals,Water Treatment Chemical,397.0,KG,151766 PPS2606040,2026-07-21,5,48513.1,2026_27\Pure_MFG_Raw_Materials_Consump_200826_JC5.xls
128451,POI - Alathur MFG,MTDABULK00000134,Performance Chemicals,Textile & Paper Division,475.0,KG,128451 POI26040639,2026-04-04,8,48411.18,2026_27\Pure_MFG_Raw_Materials_Consump_150726_JC1.xls
158258,PSM - Thervoykandigai MFG,MTPRHDCN00000251,Performance Chemicals,Textile & Paper Division,300.0,KG,158258 BJ PPS26070821,2026-08-06,7,48368.740000000005,2026_27\Pure_MFG_Raw_Materials_Consump_200826_JC5.xls
128221,POI - Alathur MFG,TD12HDBR00210234,Performance Chemicals,Raw  Material,708.45,KG,"128221 POI26030605, 128221 POI26030610",2026-04-01,10,48088.049999999996,2026_27\Pure_MFG_Raw_Materials_Consump_150726_JC1.xls
132392,PSM - Thervoykandigai MFG,MTPRBULK00000146,Performance Chemicals,Textile & Paper Division,300.0,KG,132392 BJ PPS26060694,2026-06-13,3,44873.5,2026_27\Pure_MFG_Raw_Materials_Consump_150726_JC3.xls
158306,POI - Alathur MFG,MVMPCBULK0000228,NPD,Vooki Division,496.0,L,158306 POI26081536,2026-08-06,22,43592.41,2026_27\Pure_MFG_Raw_Materials_Consump_200826_JC5.xls
133091,PPM - Gummudipoondi MFG,MVMPCCP20D500520,NPD,Vooki Division,19.15,BOX,133091 PPS26040449,2026-06-29,4,40694.26,2026_27\Pure_MFG_Raw_Materials_Consump_200826_JC4.xls
133368,PSM - Thervoykandigai MFG,MTPRBULK00000245,Performance Chemicals,Textile & Paper Division,300.0,KG,133368 BJ PPS26070778,2026-07-03,4,40185.07,2026_27\Pure_MFG_Raw_Materials_Consump_200826_JC4.xls
158535,PSM - Thervoykandigai MFG,MGCHDX000PUAD035,General Chemicals,GC2,151.1,KG,158535 BJ PP2607047,2026-08-12,3,40058.89,2026_27\Pure_MFG_Raw_Materials_Consump_200826_JC5.xls
132632,POI - Alathur MFG,MLWEBULK00000041,Performance Chemicals,Leather Division,1023.7,KG,132632 POI26061172,2026-06-19,9,38607.88,2026_27\Pure_MFG_Raw_Materials_Consump_150726_JC3.xls
133574,PSM - Thervoykandigai MFG,MTPCBULK00000A09,Performance Chemicals,Textile & Paper Division,1000.0,KG,133574 BJ PPS26070798,2026-07-07,3,38564.05,2026_27\Pure_MFG_Raw_Materials_Consump_200826_JC4.xls
133225,POI - Alathur MFG,MVMPCBKLK0000546,NPD,Vooki Division,150.0,L,133225 POI26061183,2026-07-01,14,38514.15,2026_27\Pure_MFG_Raw_Materials_Consump_200826_JC4.xls
132603,PSM - Thervoykandigai MFG,MTPCBULK00000944,Performance Chemicals,Textile & Paper Division,1073.0,KG,132603 BJ PPS26060699,2026-06-18,8,37599.73,2026_27\Pure_MFG_Raw_Materials_Consump_150726_JC3.xls
131868,PSM - Thervoykandigai MFG,MVMPCBKLK0000553,NPD,Vooki Division,298.0,L,"131868 BJ PPS26040130, 131868 BJ PPS26040449",2026-06-02,20,37079.12,2026_27\Pure_MFG_Raw_Materials_Consump_150726_JC3.xls
158422,PSM - Thervoykandigai MFG,MTPPBULK00000006,Performance Chemicals,Textile & Paper Division,199.42,KG,158422 BJ PPS26080961,2026-08-10,18,36191.72,2026_27\Pure_MFG_Raw_Materials_Consump_200826_JC5.xls
158665,PCM - Illalor MFG,MWCWHDCB00025079,Performance Chemicals,Water Treatment Chemical,150.0,KG,158665 125247 POI26010182,2026-08-14,1,35506.98,2026_27\Pure_MFG_Raw_Materials_Consump_200826_JC5.xls
155829,PSM - Thervoykandigai MFG,MTPRHDCB00050125,Performance Chemicals,Textile & Paper Division,1000.0,KG,155829  PPS26070898,2026-07-24,6,35343.950000000004,2026_27\Pure_MFG_Raw_Materials_Consump_200826_JC5.xls
157861,PSM - Thervoykandigai MFG,MTPRHDCB00050125,Performance Chemicals,Textile & Paper Division,1000.0,KG,157861 PPS26070917,2026-07-28,6,34977.1,2026_27\Pure_MFG_Raw_Materials_Consump_200826_JC5.xls
131794,PSM - Thervoykandigai MFG,MTPRHDCB00050125,Performance Chemicals,Textile & Paper Division,1000.0,KG,131794 PPS26050624,2026-06-01,6,34132.48,2026_27\Pure_MFG_Raw_Materials_Consump_150726_JC3.xls
158197,PSM - Thervoykandigai MFG,MTDCHDCB00050007,Performance Chemicals,Textile & Paper Division,141.1,KG,158197 PPS2607042,2026-08-04,2,33048.7,2026_27\Pure_MFG_Raw_Materials_Consump_200826_JC5.xls
133134,PCM - Puzhal MFG,MTPCHDBR00220920,Performance Chemicals,Textile & Paper Division,360.0,KG,133134 PCC29062026003,2026-06-29,1,32962.1,2026_27\Pure_MFG_Raw_Materials_Consump_200826_JC4.xls
128793,POI - Alathur MFG,MTPRBULK00000161,Performance Chemicals,Textile & Paper Division,495.0,KG,128793 POI26040678,2026-04-13,2,32714.940000000002,2026_27\Pure_MFG_Raw_Materials_Consump_150726_JC1.xls
134035,POI - Alathur MFG,MTSCBULK00000081,Performance Chemicals,Textile & Paper Division,782.2,KG,"134035 POI26071395, 134035 POI26071398, 134035 POI26071399, 134035 POI26071400",2026-07-17,3,32693.82,2026_27\Pure_MFG_Raw_Materials_Consump_200826_JC4.xls
157895,PSM - Thervoykandigai MFG,MTPCBULK00000A09,Performance Chemicals,Textile & Paper Division,800.0,KG,157895 BJ PPS26070915,2026-07-29,3,31901.4,2026_27\Pure_MFG_Raw_Materials_Consump_200826_JC5.xls
130904,PSM - Thervoykandigai MFG,MPPEBULK00000005,Performance Chemicals,PNC Division,190.0,KG,130904 BJ PPS26040023,2026-05-14,9,31462.63,2026_27\Pure_MFG_Raw_Materials_Consump_150726_JC2.xls
132447,PSM - Thervoykandigai MFG,MGCNAX000PUSY120,General Chemicals,GC2,204.5,KG,132447 BJ PPS26060673,2026-06-15,11,30970.34,2026_27\Pure_MFG_Raw_Materials_Consump_150726_JC3.xls
132896,POI - Alathur MFG,MOPPBULK00000017,Performance Chemicals,Speciality Chemicals Division,57.8,KG,132896 POI26061013,2026-06-24,4,30968.760000000002,2026_27\Pure_MFG_Raw_Materials_Consump_200826_JC4.xls
133769,POI - Alathur MFG,TD12HDBR00210234,Performance Chemicals,Raw  Material,397.1,KG,133769 POI26070983,2026-07-13,8,29453.329999999998,2026_27\Pure_MFG_Raw_Materials_Consump_200826_JC4.xls
133376,POI - Alathur MFG,TD12HDBR00210234,Performance Chemicals,Raw  Material,406.0,KG,133376 POI26070982,2026-07-03,8,29287.53,2026_27\Pure_MFG_Raw_Materials_Consump_200826_JC4.xls
133989,POI - Alathur MFG,TD12HDCB00025111,Performance Chemicals,Raw  Material,109.5,KG,133989,2026-07-16,1,29176.3,2026_27\Pure_MFG_Raw_Materials_Consump_200826_JC4.xls
158195,PSM - Thervoykandigai MFG,MTDCBULK00000008,Performance Chemicals,Textile & Paper Division,144.1,KG,158195 BJ PPS2607042,2026-08-04,10,28950.739999999998,2026_27\Pure_MFG_Raw_Materials_Consump_200826_JC5.xls
133786,PSM - Thervoykandigai MFG,MTFCBULK00000283,Performance Chemicals,Textile & Paper Division,486.0,KG,133786 BJ PPS26060761,2026-07-13,5,28854.079999999998,2026_27\Pure_MFG_Raw_Materials_Consump_200826_JC4.xls
128599,PSM - Thervoykandigai MFG,MTDABULK00000085,Performance Chemicals,Textile & Paper Division,307.0,KG,128599 BJ PPS26030358,2026-04-08,4,28708.629999999997,2026_27\Pure_MFG_Raw_Materials_Consump_150726_JC1.xls
131090,POI - Alathur MFG,TD12HDBR00210234,Performance Chemicals,Raw  Material,396.0,KG,131090 POI26060981,2026-05-18,10,28512.29,2026_27\Pure_MFG_Raw_Materials_Consump_150726_JC2.xls
129735,POI - Alathur MFG,MVMPCBULKD250059,NPD,Vooki Division,987.17,L,129375 POI26050698,2026-05-06,8,27347.64,2026_27\Pure_MFG_Raw_Materials_Consump_150726_JC2.xls
132320,POI - Alathur MFG,MLPBRHDT003-AR00,NPD,Lab Division,133.0,KG,"132320 POI260620041, 132320 POI260620042",2026-06-11,1,25947.0,2026_27\Pure_MFG_Raw_Materials_Consump_150726_JC3.xls
134097,POI - Alathur MFG,MTDABULK00000067,Performance Chemicals,Textile & Paper Division,393.0,KG,134097 POI26071383,2026-07-18,9,25354.77,2026_27\Pure_MFG_Raw_Materials_Consump_200826_JC4.xls
151744,POI - Alathur MFG,MTDABULK00000067,Performance Chemicals,Textile & Paper Division,396.0,KG,151744 POI26071445,2026-07-21,9,25273.0,2026_27\Pure_MFG_Raw_Materials_Consump_200826_JC5.xls
149763,POI - Alathur MFG,MTDABULK00000067,Performance Chemicals,Textile & Paper Division,394.0,KG,149763 POI26071430,2026-07-21,9,25198.59,2026_27\Pure_MFG_Raw_Materials_Consump_200826_JC5.xls
155753,POI - Alathur MFG,MTDABULK00000067,Performance Chemicals,Textile & Paper Division,398.0,KG,155753 POI26071446,2026-07-23,9,25156.53,2026_27\Pure_MFG_Raw_Materials_Consump_200826_JC5.xls
134090,POI - Alathur MFG,MTSCBULK00000081,Performance Chemicals,Textile & Paper Division,482.18,KG,134090 POI26071417,2026-07-18,3,24655.850000000002,2026_27\Pure_MFG_Raw_Materials_Consump_200826_JC4.xls
138743,PSM - Thervoykandigai MFG,MTPWBULK00000078,Performance Chemicals,Textile & Paper Division,195.0,KG,138743 PPS26070881,2026-07-20,8,24464.690000000002,2026_27\Pure_MFG_Raw_Materials_Consump_200826_JC5.xls
132897,POI - Alathur MFG,MOPPBULK00000002,Performance Chemicals,Speciality Chemicals Division,73.0,KG,132897 POI26061113,2026-06-24,4,24013.280000000002,2026_27\Pure_MFG_Raw_Materials_Consump_200826_JC4.xls
132565,PSM - Thervoykandigai MFG,MTPRBULK00000146,Performance Chemicals,Textile & Paper Division,100.0,KG,132565 BJ PPS26060704,2026-06-17,6,23855.85,2026_27\Pure_MFG_Raw_Materials_Consump_150726_JC3.xls
131153,POI - Alathur MFG,MTDABULK00000067,Performance Chemicals,Textile & Paper Division,397.5,KG,131153 POI26050930,2026-05-19,9,23004.71,2026_27\Pure_MFG_Raw_Materials_Consump_150726_JC2.xls
151770,PSM - Thervoykandigai MFG,MTFCBULK00000252,Performance Chemicals,Textile & Paper Division,103.0,KG,151770 PPS26060732,2026-07-21,6,22703.81,2026_27\Pure_MFG_Raw_Materials_Consump_200826_JC5.xls
157854,POI - Alathur MFG,MLUPBULK00000155,Performance Chemicals,LMA Division,273.0,L,157854 POI26081497,2026-07-28,9,22229.74,2026_27\Pure_MFG_Raw_Materials_Consump_200826_JC5.xls
132099,PSM - Thervoykandigai MFG,MGCNAX000PUSY117,General Chemicals,GC2,210.0,KG,132099 BJ PPS26050612,2026-06-08,5,21729.88,2026_27\Pure_MFG_Raw_Materials_Consump_150726_JC3.xls
158196,PSM - Thervoykandigai MFG,MTDABULK00000239,Performance Chemicals,Textile & Paper Division,98.12,KG,147747 BJPPS2607044,2026-08-04,8,21704.76,2026_27\Pure_MFG_Raw_Materials_Consump_200826_JC5.xls
158135,POI - Alathur MFG,MLPBTGLI001-DR00,NPD,Lab Division,89.4,L,"158135 POI260720063, 158135 POI260720064",2026-08-03,1,21464.94,2026_27\Pure_MFG_Raw_Materials_Consump_200826_JC5.xls
132826,PSM - Thervoykandigai MFG,MTPCBULK00000A04,Performance Chemicals,Textile & Paper Division,100.25,KG,132826 BJ PP2606039,2026-06-23,9,21324.02,2026_27\Pure_MFG_Raw_Materials_Consump_200826_JC4.xls
132415,PPM - Gummudipoondi MFG,MVMPCCP20D500515,NPD,Vooki Division,19.0,BOX,132415 POI251010030,2026-06-15,5,20716.21,2026_27\Pure_MFG_Raw_Materials_Consump_150726_JC3.xls
132130,PSM - Thervoykandigai MFG,MTPRBULK00000244,Performance Chemicals,Textile & Paper Division,208.0,KG,132130 BJ PPS26050638,2026-06-08,9,19997.4,2026_27\Pure_MFG_Raw_Materials_Consump_150726_JC3.xls
131106,PSM - Thervoykandigai MFG,MTPPBULK00000006,Performance Chemicals,Textile & Paper Division,113.0,KG,131106 BJ PPS26050560,2026-05-18,13,19374.57,2026_27\Pure_MFG_Raw_Materials_Consump_150726_JC2.xls
131105,PSM - Thervoykandigai MFG,MTFCBULK00000290,Performance Chemicals,Textile & Paper Division,100.0,KG,131105 BJ PPS26050561,2026-05-18,10,19147.89,2026_27\Pure_MFG_Raw_Materials_Consump_150726_JC2.xls
128820,PSM - Thervoykandigai MFG,MTFCBULK00000290,Performance Chemicals,Textile & Paper Division,100.0,KG,128820 BJ PPS26040402,2026-04-13,10,18474.46,2026_27\Pure_MFG_Raw_Materials_Consump_150726_JC1.xls
157810,POI - Alathur MFG,MRPOBULK00000044,Performance Chemicals,LMA Division,206.78,L,157810 POI26071480,2026-07-28,7,18369.9,2026_27\Pure_MFG_Raw_Materials_Consump_200826_JC5.xls
133384,POI - Alathur MFG,MLPBTGLI001-DR00,NPD,Lab Division,162.0,L,133384,2026-07-04,1,17098.66,2026_27\Pure_MFG_Raw_Materials_Consump_200826_JC4.xls
129710,PSM - Thervoykandigai MFG,MGCNAX000PUSY102,General Chemicals,GC2,107.0,KG,129710 BJ PPS26050514,2026-05-06,6,15844.08,2026_27\Pure_MFG_Raw_Materials_Consump_150726_JC2.xls
133031,PPM - Gummudipoondi MFG,MVMPCCP25D250001,NPD,Vooki Division,27.8,BOX,133031 POI26030528,2026-06-26,5,15446.02,2026_27\Pure_MFG_Raw_Materials_Consump_200826_JC4.xls
133161,PSM - Thervoykandigai MFG,TDBNAX000PUSY055,General Chemicals,GC2,213.0,KG,133161 BJ PPS26060762,2026-06-30,6,14997.66,2026_27\Pure_MFG_Raw_Materials_Consump_200826_JC4.xls
158238,PSM - Thervoykandigai MFG,MTDCBULK00000008,Performance Chemicals,Textile & Paper Division,66.5,KG,158238 BJ PP2607048,2026-08-05,11,14353.65,2026_27\Pure_MFG_Raw_Materials_Consump_200826_JC5.xls
157862,PSM - Thervoykandigai MFG,MTPWBULK00000078,Performance Chemicals,Textile & Paper Division,108.0,KG,157862 BJ PPS26070913,2026-07-28,8,13531.63,2026_27\Pure_MFG_Raw_Materials_Consump_200826_JC5.xls
128828,POI - Alathur MFG,MLUPBULK00000155,Performance Chemicals,LMA Division,195.5,L,128828 POI26040602,2026-04-13,9,13321.000000000002,2026_27\Pure_MFG_Raw_Materials_Consump_150726_JC1.xls
129584,POI - Alathur MFG,MLPCNHDI029-EL00,NPD,Lab Division,110.0,L,"129584 POI260420022, 129584 POI260420024",2026-05-02,1,13300.8,2026_27\Pure_MFG_Raw_Materials_Consump_150726_JC2.xls
130940,PSM - Thervoykandigai MFG,MTPRBULK00000235,Performance Chemicals,Textile & Paper Division,200.0,KG,130940 BJ PPS26050532,2026-05-15,4,13162.12,2026_27\Pure_MFG_Raw_Materials_Consump_150726_JC2.xls
129626,PSM - Thervoykandigai MFG,MLSCBULK00000040,Performance Chemicals,Speciality Chemicals Division,150.0,L,129626 BJ PPS26030304,2026-05-04,3,13110.810000000001,2026_27\Pure_MFG_Raw_Materials_Consump_150726_JC2.xls
134108,POI - Alathur MFG,MTSCBULK00000081,Performance Chemicals,Textile & Paper Division,386.7,KG,134108 POI26081454,2026-07-18,12,12704.57,2026_27\Pure_MFG_Raw_Materials_Consump_200826_JC4.xls
158638,PSM - Thervoykandigai MFG,MGCNAX000PUSY102,General Chemicals,GC2,102.0,KG,158638 BJ PPS26080984,2026-08-14,6,12103.550000000001,2026_27\Pure_MFG_Raw_Materials_Consump_200826_JC5.xls
158168,POI - Alathur MFG,MLPBRMSC002-AR00,NPD,Lab Division,66.0,KG,158168 POI260720065,2026-08-04,5,11304.92,2026_27\Pure_MFG_Raw_Materials_Consump_200826_JC5.xls
132315,POI - Alathur MFG,MLPBTGLE001-DR00,NPD,Lab Division,77.0,L,132315 POI260620040,2026-06-11,1,10306.02,2026_27\Pure_MFG_Raw_Materials_Consump_150726_JC3.xls
131494,PSM - Thervoykandigai MFG,MLWEBULK00000081,Performance Chemicals,Leather Division,503.5,KG,131494 BJ PPS26050592,2026-05-26,4,9727.97,2026_27\Pure_MFG_Raw_Materials_Consump_150726_JC3.xls
129042,POI - Alathur MFG,MWCWBULK00000282,Performance Chemicals,Water Treatment Chemical,163.4,KG,129042 POI26030562,2026-04-18,5,9299.720000000001,2026_27\Pure_MFG_Raw_Materials_Consump_150726_JC1.xls
149751,POI - Alathur MFG,MPPCBULK00000150,Performance Chemicals,Textile & Paper Division,178.6,L,149751 POI26071379,2026-07-21,5,9190.650000000001,2026_27\Pure_MFG_Raw_Materials_Consump_200826_JC5.xls
132001,PSM - Thervoykandigai MFG,MTWPBULK00000006,Performance Chemicals,Textile & Paper Division,48.0,KG,"132001 BJ PPS26060653, 132001 BJ PPS26060655",2026-06-05,14,9026.9,2026_27\Pure_MFG_Raw_Materials_Consump_150726_JC3.xls
129732,POI - Alathur MFG,MTFCBULK00000276,Performance Chemicals,Textile & Paper Division,150.0,KG,129732 POI26050847,2026-05-06,4,8644.26,2026_27\Pure_MFG_Raw_Materials_Consump_150726_JC2.xls
158079,POI - Alathur MFG,MPCDBULK00000007,Performance Chemicals,PNC Division,95.0,KG,158079 POI26071474,2026-08-01,5,8239.64,2026_27\Pure_MFG_Raw_Materials_Consump_200826_JC5.xls
130864,POI - Alathur MFG,MPPCBULK00000137,Performance Chemicals,Textile & Paper Division,48.4,KG,130864 POI26050791,2026-05-13,5,7537.32,2026_27\Pure_MFG_Raw_Materials_Consump_150726_JC2.xls
157796,POI - Alathur MFG,MLPBTGLI001-DR00,NPD,Lab Division,32.13,L,157796 POI260720060,2026-07-27,1,6961.46,2026_27\Pure_MFG_Raw_Materials_Consump_200826_JC5.xls
158570,POI - Alathur MFG,MTSCBULK00000081,Performance Chemicals,Textile & Paper Division,194.0,KG,158570 POI26081575,2026-08-13,12,6587.66,2026_27\Pure_MFG_Raw_Materials_Consump_200826_JC5.xls
158506,POI - Alathur MFG,MTSCBULK00000081,Performance Chemicals,Textile & Paper Division,194.82,KG,158506 POI26081566,2026-08-12,12,6587.64,2026_27\Pure_MFG_Raw_Materials_Consump_200826_JC5.xls
133809,POI - Alathur MFG,MTSCBULK00000081,Performance Chemicals,Textile & Paper Division,170.5,KG,133809 POI26061199,2026-07-14,12,6342.889999999999,2026_27\Pure_MFG_Raw_Materials_Consump_200826_JC4.xls
158163,POI - Alathur MFG,MTSCBULK00000081,Performance Chemicals,Textile & Paper Division,198.8,KG,158163 POI26081455,2026-08-04,12,6318.11,2026_27\Pure_MFG_Raw_Materials_Consump_200826_JC5.xls
132876,POI - Alathur MFG,MTSCBULK00000081,Performance Chemicals,Textile & Paper Division,195.0,KG,132876 POI26061169,2026-06-23,12,6263.45,2026_27\Pure_MFG_Raw_Materials_Consump_200826_JC4.xls
132436,POI - Alathur MFG,MTSCBULK00000081,Performance Chemicals,Textile & Paper Division,195.0,KG,132436 POI26061171,2026-06-15,12,6252.96,2026_27\Pure_MFG_Raw_Materials_Consump_150726_JC3.xls
133157,POI - Alathur MFG,MTSCBULK00000081,Performance Chemicals,Textile & Paper Division,177.0,KG,133157 POI26061170,2026-06-30,12,6174.19,2026_27\Pure_MFG_Raw_Materials_Consump_200826_JC4.xls
128545,PPC - Madhavaram,TDRMSN020CHXN009,General Chemicals,GC1,30.0,KG,128545,2026-04-06,1,5714.5,2026_27\Pure_MFG_Raw_Materials_Consump_150726_JC1.xls
132244,PSM - Thervoykandigai MFG,MTWPBULK00000001,Performance Chemicals,Textile & Paper Division,24.52,KG,132244 BJ PPS26060654,2026-06-10,13,5656.28,2026_27\Pure_MFG_Raw_Materials_Consump_150726_JC3.xls
132088,POI - Alathur MFG,MWECBULK00000187,Performance Chemicals,Water Treatment Chemical,273.0,KG,132088,2026-06-08,3,3948.29,2026_27\Pure_MFG_Raw_Materials_Consump_150726_JC3.xls
131451,PSM - Thervoykandigai MFG,MGCNAX000SPOH062,General Chemicals,GC2,3549.0,KG,131451 BJ PPS26050607,2026-05-25,2,3688.35,2026_27\Pure_MFG_Raw_Materials_Consump_150726_JC3.xls
155811,PSM - Thervoykandigai MFG,MTPRBULK00000254,Performance Chemicals,Textile & Paper Division,50.0,KG,155811 PPS26070863,2026-07-24,4,1002.28,2026_27\Pure_MFG_Raw_Materials_Consump_200826_JC5.xls
157820,PSM - Thervoykandigai MFG,MTPRBULK00000254,Performance Chemicals,Textile & Paper Division,50.0,KG,157820 BJ PPS26070863,2026-07-28,4,1002.28,2026_27\Pure_MFG_Raw_Materials_Consump_200826_JC5.xls
128827,POI - Alathur MFG,MLUPBULK00000483,Performance Chemicals,LMA Division,4.24,L,128827,2026-04-13,4,683.29,2026_27\Pure_MFG_Raw_Materials_Consump_150726_JC1.xls
133218,POI - Alathur MFG,MVMPCBULK0000182,NPD,Vooki Division,1000.0,L,133218 POI26061076,2026-07-01,5,0.0,2026_27\Pure_MFG_Raw_Materials_Consump_200826_JC4.xls
133142,PCM - Illalor MFG,MWROHDCB00030009,Performance Chemicals,Water Treatment Chemical,1350.0,KG,"133142 128983 POI26040606, 133142 132847 POI26061181",2026-06-29,1,0.0,2026_27\Pure_MFG_Raw_Materials_Consump_200826_JC4.xls
132113,POI - Alathur MFG,MWROCBHD00025023,Performance Chemicals,Water Treatment Chemical,400.0,KG,132113 POI26061011,2026-06-08,4,0.0,2026_27\Pure_MFG_Raw_Materials_Consump_150726_JC3.xls
131785,PPC - Bavla(MFG),MTPCHDBR00250919,Performance Chemicals,Textile & Paper Division,-12220.0,KG,"131785 BAV 207443 260403-29.05.2026, 131785 BAV 207443 260407-29.05.2026, 131785 BAV 207443 260415-29.05.2026",2026-06-01,1,0.0,2026_27\Pure_MFG_Raw_Materials_Consump_150726_JC3.xls
133232,POI - Alathur MFG,MCPCBULK00000019,Performance Chemicals,PNC Division,4983.5,KG,133232 POI26071314,2026-07-01,3,0.0,2026_27\Pure_MFG_Raw_Materials_Consump_200826_JC4.xls
131468,PCM - Illalor MFG,TTFCHDCB00050018,Performance Chemicals,Textile & Paper Division,-100.0,KG,131468 R07A0147 07052026,2026-05-26,1,0.0,2026_27\Pure_MFG_Raw_Materials_Consump_150726_JC3.xls
147745,PPM - Puzhal MFG,TDIMSN2500MDI017,General Chemicals,GC2,-2500.0,KG,147745 V5AC260002 17JUL2026,2026-07-21,1,0.0,2026_27\Pure_MFG_Raw_Materials_Consump_200826_JC5.xls
134033,PCM - Illalor MFG,MTDAHDCB00050020,Performance Chemicals,Textile & Paper Division,-300.0,KG,134033 133874 POI26071378,2026-07-17,1,0.0,2026_27\Pure_MFG_Raw_Materials_Consump_200826_JC4.xls
130946,PCM - Illalor MFG,MWBWHDCB00025052,Performance Chemicals,Water Treatment Chemical,-50.0,KG,130946 125351 POI26020179,2026-05-15,2,0.0,2026_27\Pure_MFG_Raw_Materials_Consump_150726_JC2.xls
134028,PPC - Madhavaram,MWECHDCB00050043,Performance Chemicals,Water Treatment Chemical,-2000.0,KG,134028 133913 PA11777-08.07.2026,2026-07-17,1,0.0,2026_27\Pure_MFG_Raw_Materials_Consump_200826_JC4.xls
133418,POI - Alathur MFG,MCPCHDCB00050007,Performance Chemicals,PNC Division,-4950.0,KG,"133418 POI26071313, 133418 POI26071314",2026-07-06,3,0.0,2026_27\Pure_MFG_Raw_Materials_Consump_200826_JC4.xls
131290,PPC - Madhavaram,MWECHDCB00050043,Performance Chemicals,Water Treatment Chemical,1000.0,KG,131290 13120 08052026,2026-05-22,1,0.0,2026_27\Pure_MFG_Raw_Materials_Consump_150726_JC2.xls
133747,PCM - Illalor MFG,MLUPHDCB00030087,Performance Chemicals,LMA Division,210.0,L,133747 132015 POI26061047,2026-07-13,2,0.0,2026_27\Pure_MFG_Raw_Materials_Consump_200826_JC4.xls
129611,PCM - Illalor MFG,MWBWHDCB00025037,Performance Chemicals,Water Treatment Chemical,75.0,KG,129611 129185 POI26040703,2026-05-04,1,0.0,2026_27\Pure_MFG_Raw_Materials_Consump_150726_JC2.xls
